source,city,price,area,rooms,floor,total_floors,metro,distance_from_center,link,raw_text,price_per_meter,is_first_floor,is_last_floor,floor_ratio
yandex,Москва,51935228,76.7,3,23,35,Давыдково,11,https://realty.yandex.ru/offer/3190558370547186570/,'+ 26 76,7 м² · 3-комнатная квартира · 23 этаж из 35 Давыдково 17 мин. ЖК «Родина Парк» , 1 квартал 2028 В жилом кластере Родина Парк рядом с природным заказником Долина реки Сетунь продаётся 3-комнатная квартира. Продуманная европланировка, которую легко зонировать под ваши запросы. Потолки от 3,1 м. «Родина Парк»  премиальный семейный кластер с ООО «Специализированный застройщик «РОДИНА ПАРК» 51 935 228 ₽ от 217 653 ₽ в месяц Показать телефон Позвоните мне 12 мая 2026',677121.62,0.0,0.0,0.657
yandex,Москва,173000000,210.7,6,9,13,Новаторская,10,https://realty.yandex.ru/offer/5179235881932725339/,'+ 16 210,7 м² · 6-комнатная квартира · 9 этаж из 13 Новаторская 11 мин. Квартал на Ленинском , 2 квартал 2009 ОН 23030. Редкое предложение идеальной квартиры в доме наивысшей категории и в уникальной локации. Вашему вниманию предлагается уникальная 6-ти комнатная квартира в доме премиального класса в ЖК Квартал на Ленинском. Застройка выполнена в едином Триумфальная Арка, агентство 173 000 000 ₽ 821 073 ₽ за м² Показать телефон Написать 10 апреля 2026',821072.62,0.0,0.0,0.692
yandex,Москва,27352210,40.1,1,9,12,Беломорская,17,https://realty.yandex.ru/offer/1566199471896661664/,'+ 10 40,1 м² · 1-комнатная квартира · 9 этаж из 12 Беломорская 19 мин. Мангазея на Речном , 3 квартал 2027 В продаже 1-к квартира площадью 40.10 м2. Функциональная планировка, кухня-гостиная, просторные санузел и гардеробная. Квартира расположена на 9-м этаже 12-этажного дома. Стоимость указана с учетом скидки 12%, экономия составит 3 282 266 рублей! Мангазея 27 352 210 ₽ –12% 24 069 944 ₽ от 98 259 ₽ в месяц Показать телефон Позвоните мне вчера',682100.0,0.0,0.0,0.75
yandex,Москва,198979808,162.3,3,43,48,Выставочная,5,https://realty.yandex.ru/offer/7036087342869161247/,'+ 14 162,3 м² · 3-комнатная квартира · 43 этаж из 48 Выставочная 18 мин. ЖК «Начало» , 1 квартал 2030 В престижном районе Пресня, на перекрестке делового и исторического центров Москвы, продается трехкомнатная квартира площадью 162.30 кв. м без отделки. Квартира находится на 43 этаже 48-этажного дома, в новом элитном жилом комплексе «Начало» от 198 979 808 ₽ от 833 896 ₽ в месяц Показать телефон Позвоните мне 14 часов назад',1226000.05,0.0,0.0,0.896
yandex,Москва,88893120,74.4,2,40,90,Выставочная,5,https://realty.yandex.ru/offer/5296563769497503337/,'+ 23 74,4 м² · 2-комнатная квартира · 40 этаж из 90 Выставочная 6 мин. ЖК «Оне» , 3 квартал 2027 Старт продаж! Квартиры в Москва-Сити в самой инновационной башне Оне. В продаже 2-комнатная квартира площадью 74.40 м на 40-м этаже. Новый современный жилой комплекс премиум-класса Оне расположен в самом сердце деловой жизни столицы  в Москва-Сити, 88 893 120 ₽ от 372 538 ₽ в месяц Показать телефон Позвоните мне 15 часов назад',1194800.0,0.0,0.0,0.444
yandex,Москва,73997312,75.3,3,4,20,Аэропорт,7,https://realty.yandex.ru/offer/7491187234964154808/,'+ 19 75,3 м² · 3-комнатная квартира · 4 этаж из 20 Аэропорт 10 мин. Авторская коллекция резиденций «МУЗА» , 1 квартал 2029 Продается 3-комнатная квартира без отделки, в корпусе 1 общей площадью 75,30 кв.м. на 4 этаже. Всего в МУЗЕ 309 лотов площадью от 37 до 250 м, большинство  с балконами и террасами. Высота потолков  от 3,5 до 4,65 м. Эксклюзивные форматы:  Пентхаусы 73 997 312 ₽ от 265 825 ₽ в месяц Показать телефон Позвоните мне 14 часов назад',982700.03,0.0,0.0,0.2
yandex,Москва,27272872,36.1,1,9,24,ВДНХ,10,https://realty.yandex.ru/offer/1981452965506317102/,'+ 16 36,1 м² · 1-комнатная квартира · 9 этаж из 24 ВДНХ 14 мин. ЖК «МИРА» , 3 квартал 2027 Продажа квартиры в доме премиум-класса МИРА рядом с ВДНХ, в культовой столичной локации, которая играет особую роль в жизни нескольких поколений москвичей. 1-комнатная квартира площадью 36.08 м расположена в корпусе 3, на 9 этаже 24 этажного дома. 27 272 872 ₽ –9% 24 818 314 ₽ от 97 974 ₽ в месяц Показать телефон Позвоните мне 5 часов назад',755481.22,0.0,0.0,0.375
yandex,Москва,80272784,81.1,2,34,36,Белорусская,4,https://realty.yandex.ru/offer/8048670425535311113/,'+ 19 81,1 м² · 2-комнатная квартира · 34 этаж из 36 Белорусская 9 мин. ЖК «Слава» , 2 квартал 2027 Квартиры премиум-класса в жилом комплексе Слава у м. «Белорусская» от застройщика. В продаже 2-комнатная квартира площадью 81.10 м на 34-м этаже 41 этажного дома. Новый современный жилой комплекс премиум-класса Слава расположен в той части центра, 80 272 784 ₽ от 336 412 ₽ в месяц Показать телефон Позвоните мне 30 апреля 2026',989800.05,0.0,0.0,0.944
yandex,Москва,29144960,40.3,1,38,54,Дмитровская,7,https://realty.yandex.ru/offer/4780665131648220139/,'+ 26 40,3 м² · 1-комнатная квартира · 38 этаж из 54 Дмитровская 8 мин. ЖК «Симфония 34» , 4 квартал 2024 Дом сдан. Ключи в день покупки! В продаже 1-комнатная квартира площадью 40.30 м с предчистовой отделкой на 38 этаже 54 этажного дома в корпусе Графит. ЖК Симфония 34 - концептуально новый жилой комплекс премиум-класса с подземной парковкой, состоит 29 144 960 ₽ –7% 27 104 813 ₽ от 122 142 ₽ в месяц Показать телефон Позвоните мне 5 часов назад',723200.0,0.0,0.0,0.704
yandex,Москва,28500520,42.8,1,23,24,Беломорская,17,https://realty.yandex.ru/offer/5698124696497988584/,'+ 10 42,8 м² · 1-комнатная квартира · 23 этаж из 24 Беломорская 18 мин. Мангазея на Речном , 3 квартал 2027 В продаже 1-к квартира площадью 42.80 м2. Функциональная планировка, кухня-гостиная, просторные санузел и гардеробная. Квартира расположена на 23-м этаже 24-этажного дома. Условия покупки: - Семейная ипотека от 3,5% на весь срок; - Ипотека 0,11% на 28 500 520 ₽ от 102 384 ₽ в месяц Показать телефон Позвоните мне 11 часов назад',665900.0,0.0,0.0,0.958
yandex,Москва,499929984,202.6,4,5,12,Фрунзенская,4,https://realty.yandex.ru/offer/6747581616178226795/,'3D-тур + 26 202,6 м² · 4-комнатная квартира · 5 этаж из 12 Фрунзенская 14 мин. Клубный квартал Фрунзенская набережная , 3 квартал 2027 Просторная квартира с тремя мастер-спальнями и панорамными окнами на две стороны света. Из окон открываются виды на цветущий сад и ручей. 499 929 984 ₽ от 2 095 136 ₽ в месяц Показать телефон Позвоните мне 4 часа назад',2467571.49,0.0,0.0,0.417
yandex,Москва,67081520,56.1,1,4,11,Павелецкая,3,https://realty.yandex.ru/offer/7065494168333981878/,'+ 15 56,1 м² · 1-комнатная квартира · 4 этаж из 11 Павелецкая 16 мин. Клубный дом «ОПУС» , 2 квартал 2026 Прямая продажа от застройщика! Продаётся 1-к квартира общей площадью 56.1 кв. м. на 4 этаже 11 этажного дома. ОПУС  эксклюзивный клубный дом в одном повороте реки от Кремля, проект премиум-класса от девелопера PIONEER с архитектурной концепцией от 67 081 520 ₽ от 281 129 ₽ в месяц Показать телефон Позвоните мне 19 мая 2026',1195749.02,0.0,0.0,0.364
yandex,Москва,36721848,42.3,2,12,19,Давыдково,11,https://realty.yandex.ru/offer/3190558371458578758/,'+ 26 42,3 м² · 2-комнатная квартира · 12 этаж из 19 Давыдково 17 мин. ЖК «Родина Парк» , 4 квартал 2026 В жилом кластере Родина Парк рядом с природным заказником Долина реки Сетунь продаётся 2-комнатная квартира. Продуманная европланировка, которую легко зонировать под ваши запросы. Потолки от 3,1 м. «Родина Парк»  премиальный семейный кластер с 36 721 848 ₽ –13% 31 948 007 ₽ от 153 896 ₽ в месяц Показать телефон Позвоните мне 13 часов назад',868128.79,0.0,0.0,0.632
yandex,Москва,63971080,87.8,3,16,32,Серпуховская,10,https://realty.yandex.ru/offer/2811347634670453283/,'+ 7 87,8 м² · 3-комнатная квартира · 16 этаж из 32 Серпуховская 19 мин. Квартал «Эра» , 3 квартал 2026 Рассрочка 0% с платежом от 250 000  в месяц. 3-комн. квартира в ЖК "ЭРА" на 16 этаже в 33 этажном здании Корпус 3. Общая площадь: 87.8 кв.м., жилая: 40.10 кв.м. Высота потолков 3.15 м. Современный премиум-квартал ЭРА на Дербеневской набережной, 63 971 080 ₽ от 268 094 ₽ в месяц Показать телефон Позвоните мне 15 марта 2024',728600.0,0.0,0.0,0.5
yandex,Москва,86749192,82.5,2,59,85,Выставочная,5,https://realty.yandex.ru/offer/4815934141268253752/,'3D-тур + 26 82,5 м² · 2-комнатная квартира · 59 этаж из 85 Выставочная 8 мин. МФК «Дом Дау» , 2 квартал 2027 Прoдаётся 2-кoмнaтнaя квартира на 59 этаже площадью 82.46 м в "Дом Дау" - небоскребе нового поколения в Москва-Сити. Уникaльный проект «Дом Дaу»  эксклюзивный жилой нeбocкpeб, рacпoложeнный в самoм сердце делoвoй столицы Pоccии. Это больше, чeм 86 749 192 ₽ от 416 032 ₽ в месяц Показать телефон Позвоните мне 1 апреля 2026',1051505.36,0.0,0.0,0.694
yandex,Москва,39329824,73.6,2,30,55,Хорошёво,9,https://realty.yandex.ru/offer/4431222054161336423/,'+ 17 73,6 м² · 2-комнатная квартира · 30 этаж из 55 Хорошёво 11 мин. ЖК «Джойс» , 4 квартал 2027 10 минут от Москва-Сити В продаже 2-комнатная квартира площадью 73.61 м с предчистовой отделкой на 30 этаже 55 этажного дома. Квартира расположена в корпусе Анна. Джойс  это премиальный жилой комплекс от девелопера MR в районе Хорошёво-Мнёвники. Он 39 329 824 ₽ от 141 287 ₽ в месяц Показать телефон Позвоните мне 8 часов назад',534372.61,0.0,0.0,0.545
yandex,Москва,243944992,180.7,4,8,8,Смоленская,2,https://realty.yandex.ru/offer/6224522415717882845/,'последнее предложение + 12 180,7 м² · 4-комнатная квартира · 8 этаж из 8 Смоленская 9 мин. Клубный дом «Turandot Residences» , 1 квартал 2019 Квартира с окнами на три стороны и видовой лоджией. Удобная квадратная конфигурация. Без отделки со свободной планировкой. О доме: Turandot Residence это готовый клубный дом с квартирами класса de luxe, располагающийся в переулках Старого Арбата 243 944 992 ₽ 1 350 000 ₽ за м² хорошая цена Показать телефон Позвоните мне 4 часа назад',1349999.96,0.0,1.0,1.0
yandex,Москва,44928000,72.0,3,26,26,Алексеевская,8,https://realty.yandex.ru/offer/1859105093628050533/,'+ 16 72 м² · 3-комнатная квартира · 26 этаж из 26 Алексеевская 13 мин. ЖК iLove , 4 квартал 2025 Продаётся 3-комнатная квартира общей площадью 72 кв. м на 26 этаже жилого квартала бизнес-класса iLove. Квартиру отличает правильная геометрия, в ней есть просторная кухня-гостиная и две спальни, одна из которых с окнами на 2 стороны. Также в спальне 44 928 000 ₽ –10% 40 435 200 ₽ от 188 287 ₽ в месяц хорошая цена Показать телефон 8 часов назад',624000.0,0.0,1.0,1.0
yandex,Москва,92885296,59.4,1,16,18,Киевская,10,https://realty.yandex.ru/offer/4706941901331448718/,'+ 17 59,4 м² · 1-комнатная квартира · 16 этаж из 18 Киевская 16 мин. ЖК «Бадаевский» , 4 квартал 2026 Продаётся однокомнатная квартира в жилом комплексе «Бадаевский»  современный формат для тех, кто выбирает стиль, свободу и жизнь в центре событий. Эта квартира  больше, чем просто квадратные метры. Это продуманное пространство для жизни в динамичном Capital Group 92 885 296 ₽ от 333 260 ₽ в месяц Показать телефон Позвоните мне 12 часов назад',1563725.52,0.0,0.0,0.889
yandex,Москва,14244672,43.9,2,2,18,Шоссе Энтузиастов,10,https://realty.yandex.ru/offer/6301626192666020097/,'+ 15 43,9 м² · 2-комнатные апартаменты · 2 этаж из 18 Шоссе Энтузиастов 7 мин. ЭВОПАРК Измайлово , 3 квартал 2026 Продаются 2-к апартаменты площадью 43.9 кв.м. на 2-м этаже 18 этажного дома в ЭВОПАРК Измайлово от ГК ОСНОВА. "ЭВОПАРК Измайлово" - это 18-ти этажный дом с подземным паркингом. С комфортом спуститься с жилых этажей или из лобби к автомобилю в ГК Основа 14 244 672 ₽ от 59 697 ₽ в месяц Показать телефон Позвоните мне 2 октября 2024',324480.0,0.0,0.0,0.111
yandex,Москва,102214720,77.6,2,14,15,Тульская,5,https://realty.yandex.ru/offer/7336520255663488279/,'последнее предложение + 16 77,6 м² · 2-комнатная квартира · 14 этаж из 15 Тульская 11 мин. ЖК «Дом 7 Даниловский» , 2 квартал 2027 Продается 2-к квартира общей площадью 77.60 кв.м на 14 этаже в жилом квартале премиум-класса "Дом 7 Даниловский". Срок сдачи: 2 квартал 2027 года. Клубный жилой квартал "Дом 7 Даниловский" расположится в тихом уголке "старой Москвы" поблизости от 102 214 720 ₽ от 428 367 ₽ в месяц Показать телефон Позвоните мне 15 мая 2026',1317200.0,0.0,0.0,0.933
yandex,Москва,39930100,56.2,1,4,12,,10,https://realty.yandex.ru/offer/7040979527743957460/,'последнее предложение 56,2 м² · 1-комнатная квартира · 4 этаж из 12 Москва , микрорайон Рублёво-Архангельское , ЖК СберCити , квартал В19 Район СберСити , 2 квартал 2026 В продаже  однокомнатная квартира, общей площадью 56,2 кв. м. Квартира расположена на четвертом этаже одинадцатиэтажной секции корпуса класса Адвансд в новом районе СберСити, который строит Сбер. Дом находится на второй береговой линии Москвы-реки. 39 930 100 ₽ от 161 654 ₽ в месяц Показать телефон Позвоните мне 12 часов назад',710500.0,0.0,0.0,0.333
yandex,Москва,153772992,73.4,1,8,13,Цветной бульвар,2,https://realty.yandex.ru/offer/7873578122349326328/,'последнее предложение + 14 73,4 м² · 1-комнатная квартира · 8 этаж из 13 Цветной бульвар 7 мин. Клубный дом «Форум» , 2 квартал 2026 Продаётся 1-комнатная квартира от застройщика MR Private в клубном доме Форум. Общая площадь квартиры - 73.40 м. Этаж 8 из 13. Просторные планировки предусмотрены для комфортной жизни в центре Москвы. Все квартиры в доме передаются с отделкой в 153 772 992 ₽ от 644 441 ₽ в месяц Показать телефон Позвоните мне 29 апреля 2026',2094999.89,0.0,0.0,0.615
yandex,Москва,232440000,96.9,1,2,7,Арбатская,1,https://realty.yandex.ru/offer/156874536012145665/,'+ 17 96,9 м² · 1-комнатная квартира · 2 этаж из 7 Арбатская 5 мин. Жилой дом «Кло 17» , 3 квартал 2026 Продаётся 1-комнатная квартира общей площадью 96.85 м без отделки на 2 этаже клубного дома в центре Москвы. Кло 17  Клубный дом делюкс-класса от MR Private в Староваганьковском переулке. В проекте  26 квартир площадью от 97 до 232 м и два пентхауса с 232 440 000 ₽ от 974 123 ₽ в месяц Показать телефон Позвоните мне 15 апреля 2026',2398761.61,0.0,0.0,0.286
yandex,Москва,120939400,112.2,3,5,27,Павелецкая,3,https://realty.yandex.ru/offer/6298345977284909568/,'последнее предложение 3D-тур + 20 112,2 м² · 3-комнатная квартира · 5 этаж из 27 Павелецкая 6 мин. Элитный жилой комплекс «Монблан» , 1 квартал 2028 В элитном жилом комплексе «Монблан» на Шлюзовой набережной в Замоскворечье напрямую от девелопера ГК «Галс-Девелопмент» представлена 3-комнатная квартира квартира на 5 этаже общей площадью 112.20 м. Квартира предлагается без отделки. «Монблан» 120 939 400 ₽ от 579 349 ₽ в месяц Показать телефон 8 мая 2026',1077891.27,0.0,0.0,0.185
yandex,Москва,102006096,62.1,1,5,6,Новокузнецкая,10,https://realty.yandex.ru/offer/7665459517749812059/,'последнее предложение 3D-тур + 16 62,1 м² · 1-комнатная квартира · 5 этаж из 6 Новокузнецкая 10 мин. Клубный дом «Космо 4/22» , 2 квартал 2025 В клубном доме класса De Luxe «Космо 4/22», расположенном на острове Балчуг, напрямую от девелопера ГК «Галс-Девелопмент» представлена 1-комнатная квартира на 5 этаже общей площадью 62.10 м. Квартира предлагается без отделки, со свободной 102 006 096 ₽ от 488 651 ₽ в месяц хорошая цена Показать телефон 31 марта 2026',1642610.24,0.0,0.0,0.833
yandex,Москва,109528872,112.5,3,37,40,Крылатское,13,https://realty.yandex.ru/offer/7040924941834437980/,'3D-тур + 17 112,5 м² · 3-комнатная квартира · 37 этаж из 40 Крылатское 10 мин. Клубный квартал «Крылатская 33» , 2 квартал 2027 Продается 3-к квартира площадью 112.5 кв.м. на 37-м этаже в ЖК «Клубный квартал Крылатская 33». Прямая продажа от застройщика! Крылатская 33 - проект премиум-класса на западе Москвы от специализированного застройщика «Сияние». Комплекс расположен 109 528 872 ₽ от 393 467 ₽ в месяц Показать телефон Позвоните мне 9 часов назад',973589.97,0.0,0.0,0.925
yandex,Москва,91738304,101.0,4,21,22,Спартак,10,https://realty.yandex.ru/offer/5708986885772707551/,'последнее предложение + 14 101 м² · 4-комнатная квартира · 21 этаж из 22 Спартак 14 мин. ЖК «Клубный город на реке Примавера» , 3 квартал 2024 Клубный город на реке «Примавера»  это современный жилой комплекс премиум-класса, расположенный на первой береговой линии Москвы-реки в экологически чистом районе Покровское-Стрешнево. Под панорамными окнами квартир находится собственный экопарк с 91 738 304 ₽ от 384 462 ₽ в месяц Показать телефон 9 часов назад',908300.04,0.0,0.0,0.955
yandex,Москва,30218300,43.0,1,16,23,Ботанический сад,10,https://realty.yandex.ru/offer/5176301425193913739/,'последнее предложение + 14 43 м² · 1-комнатная квартира · 16 этаж из 23 Ботанический сад 16 мин. ЖК «СОЮЗ» , 2 квартал 2026 Рассрочка 0% Продаётся 1-комнатная квартира площадью 43 м на 16 этаже в Жилом Комплексе «Союз». Квартал здоровой жизни премиум-класса с рекордным количеством олимпийских видов спорта: - Ледовая арена для хоккея и фигурного катания, - Футбольные поля 30 218 300 ₽ от 126 641 ₽ в месяц Показать телефон Позвоните мне 13 часов назад',702751.16,0.0,0.0,0.696
yandex,Москва,30683000,61.0,3,2,29,Фонвизинская,10,https://realty.yandex.ru/offer/8686451973644355608/,'+ 26 61 м² · 3-комнатная квартира · 2 этаж из 29 Фонвизинская 17 мин. ЖК «ВЭРИ на Ботанической» , 4 квартал 2027 Продается 3-к квартира площадью 61 кв.м. на 2-м этаже 29 этажного дома в ЖК "ВЭРИ на Ботанической" от ГК ОСНОВА. Эко-квартал ВЭРИ на Ботанической находится в одном из самых зелёных районов Москвы, в Марфино, что обеспечит будущим жителям чистый и 30 683 000 ₽ от 128 588 ₽ в месяц Показать телефон Позвоните мне 15 часов назад',503000.0,0.0,0.0,0.069
yandex,Москва,33215490,69.3,3,11,27,Хорошёво,9,https://realty.yandex.ru/offer/6202339441235701238/,'+ 13 69,3 м² · 3-комнатные апартаменты · 11 этаж из 27 Хорошёво 19 мин. Эмоушн , 2 квартал 2027 Продаются 3-к апартаменты площадью 69.3 кв.м. на 11-м этаже 28 этажного дома в комплексе «ЭМОУШН» от ГК ОСНОВА. «ЭМОУШН»  многофункциональный комплекс апартаментов бизнес-класса в престижном районе Хорошёво-Мнёвники (СЗАО), новый выразительный акцент 33 215 490 ₽ от 139 201 ₽ в месяц Показать телефон Позвоните мне 9 часов назад',479300.0,0.0,0.0,0.407
yandex,Москва,17566090,48.7,2,4,29,Новые Черёмушки,10,https://realty.yandex.ru/offer/6171326615473040181/,'+ 13 48,7 м² · 2-комнатные апартаменты · 4 этаж из 29 Новые Черёмушки 14 мин. НАМЕТКИН ТАУЭР , 4 квартал 2026 Продаются 2-к апартаменты площадью 48.7 кв.м. на 4-м этаже 29 этажного дома в "Наметкин Тауэр" от ГК ОСНОВА. Наметкин Тауэр - комплекс бизнес-класса с премиальным обслуживанием, располагается в районе Черёмушки на Юго-Западе Москвы. Архитектура  от 17 566 090 ₽ от 73 617 ₽ в месяц Показать телефон Позвоните мне 11 часов назад',360700.0,0.0,0.0,0.138
yandex,Москва,30715400,54.8,2,16,43,Бульвар Рокоссовского,10,https://realty.yandex.ru/offer/471012083646404609/,'+ 23 54,8 м² · 2-комнатная квартира · 16 этаж из 43 Бульвар Рокоссовского 1 мин. ЖК НАЗАРÉ , 2 квартал 2028 Предложения месяца от девелопера: - Скидка при полной оплате - 15% - Ипотека от 3,5% на весь срок или 0,11% на первый год - Рассрочка без процентов - Trade-in с проживанием на время строительства дома Просторная 2-комнатная квартира. Общая площадь - 30 715 400 ₽ –15% 26 108 090 ₽ от 110 341 ₽ в месяц Показать телефон Позвоните мне 4 часа назад',560500.0,0.0,0.0,0.372
yandex,Москва,49868100,60.3,2,6,56,Проспект Вернадского,10,https://realty.yandex.ru/offer/4054499470659031539/,'+ 14 60,3 м² · 2-комнатная квартира · 6 этаж из 56 Проспект Вернадского 19 мин. ЖК «Айс Тауэрс» , 4 квартал 2028 Беспроцентная рассрочка от застройщика. Выгода до 25%. Продается 2-комнатная квартира на 6 этаже, 60.3 кв.м. площади в жилом комплексе «Айс Тауэрс», который расположен в Западном административном округе Москвы. Архитектура комплекса отличается 49 868 100 ₽ от 213 894 ₽ в месяц Показать телефон Позвоните мне 30 января 2026',827000.0,0.0,0.0,0.107
yandex,Москва,25391400,60.6,3,14,28,Отрадное,14,https://realty.yandex.ru/offer/8360277402522353074/,'+ 15 60,6 м² · 3-комнатная квартира · 14 этаж из 28 Отрадное 14 мин. Дом МАЛЕВИЧ , 2 квартал 2026 Продаётся 3-к квартира 60.6 кв.м. на 14-м этаже 28 этажного дома. Без отделки. Срок сдачи: 2 кв. 2026 г. Дом МАЛЕВИЧ - это идеальный проект мультифункционального жилого дома, в котором все элементы общественных и личных пространств тщательно 25 391 400 ₽ от 106 412 ₽ в месяц Показать телефон 18 мая 2026',419000.0,0.0,0.0,0.5
yandex,Москва,234685552,158.7,5,15,18,Площадь Гагарина,10,https://realty.yandex.ru/offer/2406383757520472148/,'+ 9 158,7 м² · 5-комнатная квартира · 15 этаж из 18 Площадь Гагарина 8 мин. Жилой квартал SHIFT , 1 квартал 2028 5-к квартира в премиальном комплексе SHIFT на 15-м этаже в 18 этажном здании. Общая площадь 158.7 кв. м. SHIFT - новый премиальный проект от девелопера PIONEER в Донском районе, в 300 м от Нескучного сада. Главная особенность проекта - 5 башен, в 234 685 552 ₽ от 885 439 ₽ в месяц Показать телефон Позвоните мне 15 часов назад',1478799.95,0.0,0.0,0.833
yandex,Москва,72231856,103.1,3,43,44,Марьина Роща,10,https://realty.yandex.ru/offer/1529069174646618161/,'последнее предложение + 11 103,1 м² · 3-комнатная квартира · 43 этаж из 44 Марьина Роща 10 мин. ЖК «Мод» , 4 квартал 2025 Прямая продажа от застройщика. Продается 3-комнатная квартира общей площадью 103.10 м без отделки в ЖК Мод на 43-м этаже 44 этажного дома. Мод - жилой комплекс премиум-класса в историческом районе Москвы Марьина Роща, состоящий из трех Клубных домов 72 231 856 ₽ –15% 61 397 081 ₽ от 302 713 ₽ в месяц Показать телефон Позвоните мне 12 часов назад',700599.96,0.0,0.0,0.977
yandex,Москва,60000000,103.7,4,30,44,Аминьевская,12,https://realty.yandex.ru/offer/5180127926973703120/,'+ 14 103,7 м² · 4-комнатная квартира · 30 этаж из 44 Аминьевская 15 мин. ЖК Левел Мичуринский , 2 квартал 2025 Id 61807. Простор для Большой Семьи! 4-комнатная Евро-Квартира (103,7 м) в ЗАО. Дополнительно к квартире предлагается семейный паркинг и кладовка! Эксклюзивное предложение в престижном районе Очаково-Матвеевское! Продается просторная 4-комнатная Estateliga, агентство 60 000 000 ₽ 578 592 ₽ за м² Показать телефон 7 часов назад',578592.09,0.0,0.0,0.682
yandex,Москва,30391680,64.6,3,24,30,Новопеределкино,10,https://realty.yandex.ru/offer/5534563072480083338/,'+ 5 64,6 м² · 3-комнатная квартира · 24 этаж из 30 Новопеределкино 8 мин. ЖК «Родина Переделкино» , 4 квартал 2027 Продаётся 3-комнатная квартира площадью 64.6 м на 24 этаже в Жилом Комплексе "Родина Переделкино". Первый в России киберспортивный кластер от Группы Родина. Это жилой квартал бизнес-класса на Западе Москвы на границе с Ульяновским лесопарком, Группа Родина 30 391 680 ₽ –15% 25 832 928 ₽ от 109 041 ₽ в месяц Показать телефон Позвоните мне вчера',470459.44,0.0,0.0,0.8
yandex,Москва,44928908,64.5,2,7,26,Кожуховская,8,https://realty.yandex.ru/offer/3087999076388257390/,'+ 15 64,5 м² · 2-комнатная квартира · 7 этаж из 26 Кожуховская 16 мин. Квартал Дрим Рива , 3 квартал 2027 АКЦИИ ДОСТУПНЫЕ В ПРОЕКТЕ, В МАЕ: - Скидка до 10% на избранные лоты - Скидка до 5% на ограниченный пул квартир - Скидка на акционные лоты до 5% при рассрочке 0%, без удорожания. Размер скидки зависит от суммы первоначального взноса и рассчитывается 44 928 908 ₽ от 215 470 ₽ в месяц Показать телефон Позвоните мне вчера',696572.22,0.0,0.0,0.269
yandex,Москва,25394850,43.4,1,5,25,Варшавская,10,https://realty.yandex.ru/offer/1465348049010580421/,'+ 17 43,4 м² · 1-комнатная квартира · 5 этаж из 25 Варшавская 15 мин. Жилой квартал «ЛАЙФ Варшавская» , 4 квартал 2026 В районе Москворечье-Сабурово продается 1-комнатная квартира площадью 43.41 м. Она расположена на 5 этаже в 261 корпусе нового жилого квартала Лайф Варшавская. Площадь комнат:  гостиная  11,93 м  спальня  12,66 м  кухня  5,84 м  ванная  4,06 м В Лайф 25 394 850 ₽ от 91 113 ₽ в месяц Показать телефон Позвоните мне 7 часов назад',585134.79,0.0,0.0,0.2
yandex,Москва,25077140,34.1,1,15,27,Калужская,10,https://realty.yandex.ru/offer/7041743711704062400/,'+ 5 34,1 м² · 1-комнатная квартира · 15 этаж из 27 Калужская 7 мин. ЖК «ТАТУМ» , 1 квартал 2029 Прямая продажа от девелопера FORMA (без комиссии). Жилой квартал «ТАТУМ» бизнес-класса на Юго-Западе Москвы. О локации: 3 минуты пешком до метро «Калужская» и «Воронцовская». Район окружен зеленью: в пешей доступности 16 парков, включая Воронцовский 25 077 140 ₽ –12% 22 067 883 ₽ от 89 973 ₽ в месяц Показать телефон Позвоните мне 12 часов назад',735400.0,0.0,0.0,0.556
yandex,Москва,37496900,78.2,2,12,35,Водный стадион,11,https://realty.yandex.ru/offer/7392289260957593781/,'+ 23 78,2 м² · 2-комнатная квартира · 12 этаж из 35 Водный стадион 12 мин. Яркий квартал Инджой , 1 квартал 2027 Прямая продажа от застройщика. В жилом квартале, расположенном в Войковском районе Москвы, продаётся 2-комнатная квартира площадью 78.2 кв.м без отделки. Квартира расположена на 12 этаже 35-этажного дома, корпус 1, в жилом квартале бизнес-класса 37 496 900 ₽ от 157 144 ₽ в месяц Показать телефон Позвоните мне 5 часов назад',479500.0,0.0,0.0,0.343
yandex,Москва,46271044,80.7,3,35,39,Селигерская,10,https://realty.yandex.ru/offer/1291824928119366682/,'последнее предложение + 19 80,7 м² · 3-комнатная квартира · 35 этаж из 39 Селигерская 7 мин. ЖК «Селигер Сити» , 3 квартал 2026 Прямая продажа от застройщика. Продаётся 3-комнатная квартира общей площадью 80.71 м с предчистовой отделкой в ЖК «Селигер Сити» на 35-м этаже башни Лисицкого. Корпуса четвертой очереди ЖК «Селигер сити» названы в честь трех великих представителей 46 271 044 ₽ –20% 37 016 834 ₽ от 166 222 ₽ в месяц Показать телефон Позвоните мне 13 часов назад',573371.05,0.0,0.0,0.897
yandex,Москва,20666978,94.9,3,8,22,Филатов Луг,24,https://realty.yandex.ru/offer/6988527579977025455/,'3D-тур + 4 94,9 м² · 3-комнатная квартира · 8 этаж из 22 Филатов Луг 14 мин. Город-парк «Первый Московский» , 4 квартал 2027 Продается трехкомнатная квартира без отделки в 11 квартале города-парка "Первый Московский". Общая площадь квартиры - 94,9 кв. м, этаж 8 из 22. Планируемый срок ввода в эксплуатацию - 1 квартал 2029 года. Тип дома - монолитный. ТОЛЬКО ДО 31 МАЯ 20 666 978 ₽ от 86 612 ₽ в месяц Показать телефон Позвоните мне вчера',217776.38,0.0,0.0,0.364
yandex,Москва,85831920,63.2,1,3,19,Менделеевская,10,https://realty.yandex.ru/offer/3219086721053931949/,'+ 12 63,2 м² · 1-комнатная квартира · 3 этаж из 19 Менделеевская 2 мин. Клубный дом «Энигмия» , 4 квартал 2028 Старт продаж. Скидка до 7%. Подробнее  в отделе продаж. Просторная угловая квартира площадью 63,2 м с панорамными видами на Садовое кольцо и во двор. Продуманная планировка с мастер-спальней и двумя гардеробными. ЭНИГМИЯ  дом-скульптура, 85 831 920 ₽ 1 358 100 ₽ за м² Показать телефон Позвоните мне 6 ноября 2024',1358100.0,0.0,0.0,0.158
yandex,Москва,42174088,73.7,2,20,28,Спартак,10,https://realty.yandex.ru/offer/4123138532019465038/,'+ 7 73,7 м² · 2-комнатная квартира · 20 этаж из 28 Спартак 17 мин. Жилой район «Алиа» , 2 квартал 2026 Продаётся 2-комнатная квартира 73.7 м. В жилом районе Алиа на 20-м этаже 28-этажного дома. Жилой район Алиа  это дома бизнес-класса у слияния Москвы-реки и Сходни. Алиа находится в Покровском-Стрешневе, экологически чистом районе на престижном 42 174 088 ₽ от 126 175 ₽ в месяц Показать телефон Позвоните мне 18 мая 2026',572240.0,0.0,0.0,0.714
yandex,Москва,15696979,47.8,3,6,18,Шоссе Энтузиастов,10,https://realty.yandex.ru/offer/6301626192686308697/,'+ 15 47,8 м² · 3-комнатные апартаменты · 6 этаж из 18 Шоссе Энтузиастов 7 мин. ЭВОПАРК Измайлово , 3 квартал 2026 Продаются 3-к апартаменты площадью 47.81 кв.м. на 6-м этаже 18 этажного дома в ЭВОПАРК Измайлово от ГК ОСНОВА. "ЭВОПАРК Измайлово" - это 18-ти этажный дом с подземным паркингом. С комфортом спуститься с жилых этажей или из лобби к автомобилю в 15 696 979 ₽ от 65 784 ₽ в месяц Показать телефон Позвоните мне 9 часов назад',328388.68,0.0,0.0,0.333
yandex,Москва,19043482,34.8,1,23,30,Нижегородская,10,https://realty.yandex.ru/offer/5228485963955498496/,'+ 11 34,8 м² · 1-комнатная квартира · 23 этаж из 30 Нижегородская 15 мин. ЖК «Нижегородская от Гранель» , 3 квартал 2028 Продается 1-к квартира на 23-м этаже 30-этажного нового дома в корпусе 1 в ЖК «Нижегородская от Гранель». 19 043 482 ₽ –16% 15 934 342 ₽ от 79 809 ₽ в месяц Показать телефон Позвоните мне 12 часов назад',547226.49,0.0,0.0,0.767
yandex,Москва,20753700,62.7,2,3,35,Ростокино,10,https://realty.yandex.ru/offer/6172858407776344922/,'последнее предложение + 14 62,7 м² · 2-комнатные апартаменты · 3 этаж из 35 Ростокино 1 мин. МИРАПОЛИС , 4 квартал 2026 Продаются 2-к апартаменты площадью 62.7 кв.м. на 3-м этаже 33 этажного дома «Мираполис» от ГК ОСНОВА. МИРАПОЛИС  проект для тех, кому важно, чтобы рядом было всё для работы, отдыха и жизни. Проект состоит из четырех башен с авторскими стеклянными 20 753 700 ₽ от 86 976 ₽ в месяц Показать телефон Позвоните мне 9 часов назад',331000.0,0.0,0.0,0.086
yandex,Москва,42136968,67.6,2,3,24,Павелецкая,3,https://realty.yandex.ru/offer/5228485963955467679/,'+ 26 67,6 м² · 2-комнатная квартира · 3 этаж из 24 Павелецкая 8 мин. ЖК «Павелецкая от Гранель» , 3 квартал 2028 Продается 2-к квартира на 3-м этаже 24-этажного нового дома в корпусе 2 в ЖК «Павелецкая от Гранель». 42 136 968 ₽ –14% 36 117 402 ₽ от 176 590 ₽ в месяц Показать телефон Позвоните мне 12 часов назад',623327.93,0.0,0.0,0.125
yandex,Москва,22175068,39.1,1,2,28,Дубровка,7,https://realty.yandex.ru/offer/5228485963954661618/,'+ 26 39,1 м² · 1-комнатная квартира · 2 этаж из 28 Дубровка 5 мин. ЖК «Дубровка от Гранель» , 3 квартал 2028 Продается 1-к квартира на 2-м этаже 28-этажного нового дома в корпусе 2 в ЖК «Дубровка от Гранель». 22 175 068 ₽ –9% 20 138 583 ₽ от 92 933 ₽ в месяц Показать телефон Позвоните мне 12 часов назад',567137.29,0.0,0.0,0.071
yandex,Москва,15256100,61.0,2,5,20,Новодачная,18,https://realty.yandex.ru/offer/6277030519058828791/,'3D-тур + 11 61 м² · 2-комнатные апартаменты · 5 этаж из 20 Новодачная 10 мин. ФизтехСити , 4 квартал 2024 Продаётся лот в "ФИЗТЕХСИТИ" от ГК ОСНОВА. "ФизтехСити" состоит из двух 20-этажных секций, объединенных двухэтажным основанием, и включает 488 лотов с панорамным остеклением. В кластере собственный подземный паркинг и гостевые парковки, на первых 15 256 100 ₽ от 63 936 ₽ в месяц хорошая цена Показать телефон Позвоните мне 11 часов назад',250100.0,0.0,0.0,0.25
yandex,Москва,32458400,45.2,1,21,27,Бауманская,10,https://realty.yandex.ru/offer/7665459517803378416/,'3D-тур + 19 45,2 м² · 1-комнатная квартира · 21 этаж из 27 Бауманская 15 мин. Премиум-квартал «Дом 56» , 4 квартал 2026 В премиум-квартале «Дом 56» на Бауманской напрямую от девелопера ГК «Галс-Девелопмент» представлена 1-комнатная квартира на 21 этаже общей площадью 45.20 м. Квартира предлагается без отделки, со свободной планировкой. Пространство позволяет воплотить 32 458 400 ₽ –9% 29 541 644 ₽ от 155 489 ₽ в месяц Показать телефон 14 мая 2026',718106.19,0.0,0.0,0.778
yandex,Москва,19859580,36.9,2,3,20,Коптево,10,https://realty.yandex.ru/offer/889755477457184562/,'+ 26 36,9 м² · 2-комнатная квартира · 3 этаж из 20 Коптево 6 мин. ЖК «Михалковский» , 4 квартал 2027 При приобретении квартиры доступна беспроцентная рассрочка с первым платежом от 30%. У покупателя также есть право воспользоваться скидкой в размере 5% от полной стоимости квартиры. - Первый платеж составляет 30% от стоимости объекта и вносится при 19 859 580 ₽ –8% 18 270 813 ₽ от 71 254 ₽ в месяц Показать телефон Позвоните мне 10 часов назад',538200.0,0.0,0.0,0.15
yandex,Москва,177107920,128.6,2,4,17,Киевская,10,https://realty.yandex.ru/offer/4054525902290849917/,'3D-тур + 15 128,6 м² · 2-комнатная квартира · 4 этаж из 17 Киевская 17 мин. Жилой квартал Веспер Кутузовский , 1 квартал 2028 Продается квартира с 2-спальнями, без отделки в корпусе 10 общей площадью 128.6 кв.м. на 4 этаже. Знаковый проект для ценителей комфортной городской среды от Веспер. Квартал площадью 3,7 га расположен на Кутузовском проспекте и воплощает новую 177 107 920 ₽ 1 377 200 ₽ за м² Показать телефон Позвоните мне 4 часа назад',1377200.0,0.0,0.0,0.235
yandex,Москва,55080000,76.5,2,5,50,Аминьевская,12,https://realty.yandex.ru/offer/4311418805734240742/,'последнее предложение + 20 76,5 м² · 2-комнатная квартира · 5 этаж из 50 Аминьевская 8 мин. ЖК «Событие» , 4 квартал 2029 В продаже 2-к квартира от застройщика. Общая площадь 76.50, жилая 29.90, кухня 33.6. Квартира расположена на 5 этаже жилого квартала "Событие-6", корпус 1, Секция 3. Квартира с чистовой отделкой. Срок сдачи: 4 кв. 2029 года. СОБЫТИЕ.6  финальный дом 55 080 000 ₽ от 148 400 ₽ в месяц Показать телефон Позвоните мне 9 мая 2026',720000.0,0.0,0.0,0.1
yandex,Москва,39965120,73.9,3,3,7,Крестьянская застава,4,https://realty.yandex.ru/offer/6377851622377021250/,'+ 12 73,9 м² · 3-комнатная квартира · 3 этаж из 7 Крестьянская застава 16 мин. Квартал «ПЕЙВ» , 4 квартал 2028 Прямая продажа от застройщика! Продается трехкомнатная квартира №14 общей площадью 73.9 кв. м на 3-м этаже 33-этажного дома, корпус 1. Без отделки. Проект бизнес-класса Пейв от компании FORMA. Станция метро «Павелецкая» в пешей доступности, удобные 39 965 120 ₽ –18% 32 771 398 ₽ от 143 390 ₽ в месяц Показать телефон Позвоните мне 7 часов назад',540800.0,0.0,0.0,0.429
yandex,Москва,172846080,198.4,4,17,19,Сретенский бульвар,10,https://realty.yandex.ru/offer/7035929554499435282/,'последнее предложение + 8 198,4 м² · 4-комнатные апартаменты · 17 этаж из 19 Сретенский бульвар 6 мин. ЖК RED7 , 2 квартал 2024 "RED7" - комплекс премиум-класса в самом сердце исторической Москвы, где каждая деталь продумана до мелочей. Продаются 4-к апартаменты площадью 198.4 кв.м. на 17-м этаже 19 этажного дома в RED7, расположенного в самом центре Москвы, на первой линии 172 846 080 ₽ от 724 373 ₽ в месяц Показать телефон Позвоните мне 30 декабря 2025',871200.0,0.0,0.0,0.895
yandex,Москва,45386640,67.6,1,5,42,Тульская,5,https://realty.yandex.ru/offer/3431273543593979277/,'последнее предложение + 10 67,6 м² · 1-комнатная квартира · 5 этаж из 42 Тульская 8 мин. ЖК «АУРА» , 4 квартал 2027 1-комнатная квартира площадью 67.60 м2. Высота потолков  3.32 м. Этаж 5 из 42. Вид из окон - в свой двор. О проекте АУРА новая премиальная доминанта Москвы в 10 минутах от Садового кольца. Проект состоит из 42-этажной Бронзовой башни и 41-этажной Мангазея 45 386 640 ₽ от 163 045 ₽ в месяц Показать телефон Позвоните мне 18 мая 2026',671400.0,0.0,0.0,0.119
yandex,Москва,341241984,165.5,4,1,19,Давыдково,11,https://realty.yandex.ru/offer/3190558369716789506/,'последнее предложение + 23 165,5 м² · 4-комнатная квартира · 1 этаж из 19 Давыдково 17 мин. ЖК «Родина Парк» , 4 квартал 2026 В жилом кластере премиум-класса "Родина Парк" на западе Москвы на первой линии природного заказника Долина реки Сетунь продаётся двухуровневый таунхаус. Таунхаус в Родина Парк  это собственный двухэтажная вилла на первой линии парка, где приватность ООО «Специализированный застройщик «РОДИНА ПАРК» 341 241 984 ₽ от 1 430 097 ₽ в месяц Показать телефон Позвоните мне 8 апреля 2026',2061885.1,1.0,0.0,0.053
yandex,Москва,61163528,94.4,3,10,22,Аэропорт,7,https://realty.yandex.ru/offer/5228459584680815586/,'+ 9 94,4 м² · 3-комнатная квартира · 10 этаж из 22 Аэропорт 10 мин. ЖК «Дом на Часовой» , 2 квартал 2028 Прямая продажа от застройщика  3-комнатная квартира общей площадью 94.4 м, без отделки. Квартира №246 расположена на 10-м этаже 13-этажного дома, секция 9. Жилой проект премиум-класса DD:OO:MM Дом на Часовой от девелопера Dar расположен в 12 минутах 61 163 528 ₽ от 256 328 ₽ в месяц Показать телефон Позвоните мне вчера',647918.73,0.0,0.0,0.455
yandex,Москва,38000000,49.2,2,3,14,Минская,9,https://realty.yandex.ru/offer/2378280298471644874/,'+ 8 49,2 м² · 2-комнатная квартира · 3 этаж из 14 Минская 16 мин. Cобрание клубных домов West Garden , 2 квартал 2023 Номер в базе: 11734821. Квартира в премиальном комплексе West Garden (Вест Гарден) ДОКУМЕНТЫ: - Квартира от первого собственника, приобреталась у застройщика. - Квартира подходит под ипотеку, при покупке поможем одобрить на выгодных условиях. 38 000 000 ₽ 772 358 ₽ за м² Показать телефон 13 часов назад',772357.72,0.0,0.0,0.214
yandex,Москва,31648470,49.3,1,16,23,Ботанический сад,10,https://realty.yandex.ru/offer/5176301423441907006/,'+ 13 49,3 м² · 1-комнатная квартира · 16 этаж из 23 Ботанический сад 13 мин. ЖК «СОЮЗ» , 2 квартал 2026 Рассрочка 0% Продаётся 1-комнатная квартира площадью 49.3 м на 16 этаже в Жилом Комплексе «Союз». Квартал здоровой жизни премиум-класса с рекордным количеством олимпийских видов спорта: - Ледовая арена для хоккея и фигурного катания, - Футбольные 31 648 470 ₽ от 132 634 ₽ в месяц Показать телефон Позвоните мне 13 часов назад',641956.8,0.0,0.0,0.696
yandex,Москва,190000000,165.0,4,5,7,Арбатская,1,https://realty.yandex.ru/offer/3937530341866283420/,'+ 7 165 м² · 4-комнатная квартира · 5 этаж из 7 Арбатская 3 мин. Никитский бульвар , 5 Просторная квартира с тремя спальнями общей площадью 165 м в доме на Никитском бульваре, в километре от Кремля. Интерьер оформлен в стиле современной классики. Высокие потолки, большое количство окон, много естественного света. Спланирована 190 000 000 ₽ 1 151 515 ₽ за м² Показать телефон Написать 7 часов назад',1151515.15,0.0,0.0,0.714
yandex,Москва,26189048,53.9,1,19,49,Сокольники,10,https://realty.yandex.ru/offer/5228381912133626391/,'последнее предложение + 21 53,9 м² · 1-комнатная квартира · 19 этаж из 49 Сокольники 17 мин. ЖК «Солос» , 1 квартал 2029 Продаётся 1-комнатная квартира 53.86 м в жилом комплексе Солос (бизнескласс) рядом с парком Сокольники. Квартиру отличают панорамное остекление, потолки 3.2 м, улучшенная шумо и воздухоизоляция. Дом сдаётся в 4 квартале 2029 года, продажи проходят 26 189 048 ₽ от 109 755 ₽ в месяц Показать телефон Позвоните мне 1 мая 2026',485882.15,0.0,0.0,0.388
yandex,Москва,18000000,40.0,1,4,22,Преображенская площадь,10,https://realty.yandex.ru/offer/7053956913494128829/,'+ 5 40 м² · 1-комнатная квартира · 4 этаж из 22 Преображенская площадь 15 мин. ЖК Self , 2 квартал 2024 Арт. 135285322 СРОЧНАЯ ПРОДАЖА! Только для наших клиентов ставка по ипотеке 11.9% 1 Взрослый собственник, Без обременений! Наличные и Ипотека! Квартира в новом ЖК "Селф" расположенном в тихом районе. Рядом находятся парки: Сокольники и Лосиный остров 18 000 000 ₽ 450 000 ₽ за м² онлайн показ Показать телефон Написать 8 часов назад',450000.0,0.0,0.0,0.182
yandex,Москва,62000000,83.4,3,16,22,Терехово,11,https://realty.yandex.ru/offer/5180127926973734051/,'+ 11 83,4 м² · 3-комнатная квартира · 16 этаж из 22 Терехово 7 мин. ЖК «Остров» , 4 квартал 2024 Id 62960. Продаётся стильная квартира в одном из самых востребованных премиальных жилых комплексов на берегу реки  ЖК «Остров»! КВАРТИРА: Функциональная 3-комнатная квартира площадью 83,4 м с эффектными панорамными окнами, из которых открываются виды 62 000 000 ₽ 743 405 ₽ за м² Показать телефон 7 часов назад',743405.28,0.0,0.0,0.727
yandex,Москва,47100000,69.0,2,2,31,Аминьевская,12,https://realty.yandex.ru/offer/7053956939092373184/,'+ 12 69 м² · 2-комнатная квартира · 2 этаж из 31 Аминьевская 4 мин. ЖК «Крылья» , 1 квартал 2022 Арт. 127742355 На данный объект возможно одобрить ипотеку от 11,9% Эксклюзивное предложение! Роскошная квартира с великолепным ремонтом 69 м в «Крыльях»  элегантность бизнес-класса в сердце Москвы! Прямой представитель собственника! Закрытая 47 100 000 ₽ 682 609 ₽ за м² Показать телефон Написать 8 часов назад',682608.7,0.0,0.0,0.065
yandex,Москва,6800000,34.1,1,15,17,Подольск,10,https://realty.yandex.ru/offer/6263151537286782827/,'+ 8 34,1 м² · 1-комнатная квартира · 15 этаж из 17 Подольск 16 мин. ЖК на ул. Колхозная, 20 , 4 квартал 2018 Срочно продаётся 1комнатная квартира в Подольске (ул. Колхозная, 20)! Преимущества: -выгодное расположение  всё необходимое рядом: магазины, школы, остановки; -хорошая транспортная доступность  удобно добираться до Москвы и по городу; -подходит для 6 800 000 ₽ 199 414 ₽ за м² Показать телефон 13 часов назад',199413.49,0.0,0.0,0.882
yandex,Москва,21500000,92.9,3,1,3,Ольховая,10,https://realty.yandex.ru/offer/7053956998583713278/,'3D-тур + 25 92,9 м² · 3-комнатная квартира · 1 этаж из 3 Ольховая 25 мин. ЖК «Андерсен» , 2 квартал 2016 Арт. 102643998 УНИКАЛЬНОЕ ТОРГОВОЕ ПРЕДЛОЖЕНИЕ! КВАРТИРУ можно приобрести по ставке 11,90 %. ИНТЕРЕСНО? ЗВОНИТЕ! КВАРТИРА: Если вы мечтаете о формате загородной жизни, но со всеми удобствами города, вот то, что вам нужно. Видовая квартира в 21 500 000 ₽ 231 432 ₽ за м² хорошая цена торг Показать телефон Написать 7 часов назад',231431.65,1.0,0.0,0.333
yandex,Москва,26159996,42.3,1,30,46,Бутырская,9,https://realty.yandex.ru/offer/6231228698319314838/,'+ 26 42,3 м² · 1-комнатная квартира · 30 этаж из 46 Бутырская 12 мин. Квартал небоскребов Апсайд Тауэрс , 2 квартал 2027 Продаётся 1-комнатная квартира площадью 42.29 кв.м на 30 этаже 47 этажного корпуса Атлас в квартале небоскребов «Апсайд Тауэрс». В квартире предчистовая отделка,с видом на корпус Эльбрус, прогулочный бульвар. Номер квартиры Б3004. «Апсайд Тауэрс» - 26 159 996 ₽ –8% 24 067 196 ₽ от 109 633 ₽ в месяц Показать телефон Позвоните мне вчера',618439.62,0.0,0.0,0.652
yandex,Москва,30000000,65.0,2,17,24,Верхние Лихоборы,10,https://realty.yandex.ru/offer/7053956913295718632/,'+ 8 65 м² · 2-комнатная квартира · 17 этаж из 24 Верхние Лихоборы 6 мин. ЖК «Тринити» Арт. 135960590 Продается просторная двухкомнатная угловая квартира, светлая, теплая, много панорамных окон; ЖК с закрытой охраняемой территорией, подземной, а также гостевой парковой. В ЖК развитая инфраструктура: 2 аптеки, Пятерочка, Верный, Вкус 30 000 000 ₽ 461 538 ₽ за м² торг Показать телефон Написать 7 часов назад',461538.46,0.0,0.0,0.708
yandex,Москва,15800000,43.0,2,5,5,Народное Ополчение,9,https://realty.yandex.ru/offer/2868799456036135579/,'3D-тур + 18 43 м² · 2-комнатная квартира · 5 этаж из 5 Народное Ополчение 10 мин. улица Демьяна Бедного , 20к5 Код объекта: 2037745. Уютная двухкомнатная квартира на ул. Демьяна Бедного, дом 20 к5, на Северо- Западе Москвы, в одном из самых зеленых районов Хорошево-Мневники. ОПИСАНИЕ КВАРТИРЫ: Квартира расположена на 5 этаже 5-этажного кирпичного дома. Общая 15 800 000 ₽ 367 442 ₽ за м² хорошая цена онлайн показ Показать телефон 7 часов назад',367441.86,0.0,1.0,1.0
yandex,Москва,52000000,106.8,3,15,19,Технопарк,8,https://realty.yandex.ru/offer/5180127926973759909/,'+ 6 106,8 м² · 3-комнатная квартира · 15 этаж из 19 Технопарк 3 мин. ЖК «Нагатино Ай-Лэнд» , 3 квартал 2026 Id 63534. Продается просторная квартира 106,8 м по переуступке в ЖК бизнес-класса «Nagatino i-Land». Главное преимущество: действует рассрочка от застройщика до июня 2027 г.  отличный вариант как для жизни, так и для инвестиции. Формат Евро-4: Estateliga, агентство 52 000 000 ₽ 486 891 ₽ за м² Показать телефон 8 часов назад',486891.39,0.0,0.0,0.789
yandex,Москва,92503080,60.1,2,17,18,Киевская,10,https://realty.yandex.ru/offer/8547788901592929482/,'+ 17 60,1 м² · 2-комнатная квартира · 17 этаж из 18 Киевская 16 мин. ЖК «Бадаевский» , 4 квартал 2026 Продаётся двухкомнатная квартира в жилом комплексе «Бадаевский»  формат для тех, кто выбирает больше свободы и личного пространства, не покидая центр Москвы. Атмосфера света, открытых видов и архитектуры вокруг формирует ощущение жизни на высоте. Capital Group 92 503 080 ₽ от 331 889 ₽ в месяц Показать телефон Позвоните мне 12 часов назад',1539152.75,0.0,0.0,0.944
yandex,Москва,23341500,45.5,2,3,20,Коптево,10,https://realty.yandex.ru/offer/747807088198076227/,'+ 26 45,5 м² · 2-комнатная квартира · 3 этаж из 20 Коптево 6 мин. ЖК «Михалковский» , 4 квартал 2027 При приобретении квартиры доступна беспроцентная рассрочка с первым платежом от 30%. У покупателя также есть право воспользоваться скидкой в размере 5% от полной стоимости квартиры. - Первый платеж составляет 30% от стоимости объекта и вносится при РГ-Девелопмент 23 341 500 ₽ –8% 21 474 180 ₽ от 83 746 ₽ в месяц Показать телефон Позвоните мне 15 часов назад',513000.0,0.0,0.0,0.15
yandex,Москва,16847110,37.1,1,5,16,Саларьево,21,https://realty.yandex.ru/offer/4017216401911662379/,'+ 9 37,1 м² · 1-комнатная квартира · 5 этаж из 16 Саларьево 18 мин. Саларьево парк , 4 квартал 2028 Продаётся 1-комн.квартира площадью 37.10 кв.м на 5 этаже 16 этажного дома (Корпус 82.2, секция 2) проекта ПИК Саларьево парк. Светлый просторный подъезд на уровне земли, функциональная планировка, большие окна, с отделкой. Жилой район «Саларьево 16 847 110 ₽ от 70 604 ₽ в месяц Показать телефон Позвоните мне 19 мая 2026',454100.0,0.0,0.0,0.312
yandex,Москва,38773520,70.6,2,9,24,Красный Балтиец,10,https://realty.yandex.ru/offer/6963990753164257665/,'последнее предложение + 17 70,6 м² · 2-комнатная квартира · 9 этаж из 24 Красный Балтиец 8 мин. ЖК СОУЛ , 1 квартал 2029 Цены указаны с условием 100% оплаты и стандартной ипотеки. Прямая продажа от застройщика! Продается 2-к. квартира номер 434 общей площадью 70.6 кв.м. на 9-м этаже 18 этажного дома, Корпус 8. Без отделки. Проект бизнес-класса СОУЛ от девелопера FORMA. 38 773 520 ₽ –22% 30 243 345 ₽ от 139 288 ₽ в месяц Показать телефон Позвоните мне вчера',549200.0,0.0,0.0,0.375
yandex,Москва,32081280,52.1,2,54,59,Давыдково,11,https://realty.yandex.ru/offer/6003959846088305805/,'+ 18 52,1 м² · 2-комнатная квартира · 54 этаж из 59 Давыдково 21 мин. ЖК «СЕТ» , 3 квартал 2028 В ЖК Сет продается 2-комнатная квартира площадью 52.08 м, расположенная в корпусе Б, на 54 этаже 59 этажного дома. Сет имеет стратегически выгодное расположение в ЗАО, в районе с большой историей и блестящим будущим: между природной зоной долины реки 32 081 280 ₽ –15% 27 269 088 ₽ от 115 247 ₽ в месяц Показать телефон Позвоните мне 2 часа назад',615763.53,0.0,0.0,0.915
yandex,Москва,55467800,103.1,3,26,39,Сокольники,10,https://realty.yandex.ru/offer/7016475113456586920/,'+ 26 103,1 м² · 3-комнатная квартира · 26 этаж из 39 Сокольники 17 мин. КОД Сокольники , 4 квартал 2029 В семейном жилом квартале, расположенном в окружении более 500 га леса и объектов исторического наследия, продается 3-комнатная квартира площадью 103.1 кв. м без отделки. Квартира расположена на 26 этаже 39-этажного корпуса 2.1 жилого квартала 55 467 800 ₽ от 211 585 ₽ в месяц Показать телефон Позвоните мне 27 апреля 2026',538000.0,0.0,0.0,0.667
yandex,Москва,109263000,66.2,2,13,18,Воробьёвы горы,10,https://realty.yandex.ru/offer/6988603487223917671/,'последнее предложение + 14 66,2 м² · 2-комнатная квартира · 13 этаж из 18 Воробьёвы горы 18 мин. ЖК «Коллекция Лужники» , 4 квартал 2027 В клубном доме Маунтин лайн проекта КОЛЛЕКЦИЯ ЛУЖНИКИ в Хамовниках продаётся коллекционная премиальная квартира с 2 спальнями площадью 66,2 м2 c отделкой вайт-бокс на 13 этаже. Коллекция двенадцати клубных домов в частном парке на берегу Москва-реки 109 263 000 ₽ от 457 906 ₽ в месяц Показать телефон Позвоните мне 6 апреля 2026',1650498.49,0.0,0.0,0.722
yandex,Москва,24556428,46.0,1,13,16,Тульская,5,https://realty.yandex.ru/offer/1275193794723692496/,'3D-тур + 5 46 м² · 1-комнатные апартаменты · 13 этаж из 16 Тульская 21 мин. Дом на набережной Инсайдер , 2 квартал 2026 Агентам не звонить. Просторный лот с 1 спальней в Доме на набережной Инсайдер. Сервисные лоты с системой «умный дом» на первой линии Москвы-реки. Лот расположен на 13 этаже в секции 1.1. Европланировка, просторная кухня-гостиная. В лоте 3 панорамных 24 556 428 ₽ от 102 913 ₽ в месяц Показать телефон Позвоните мне 5 мая 2026',533835.39,0.0,0.0,0.812
yandex,Москва,29757232,42.8,1,24,41,Марьина Роща,10,https://realty.yandex.ru/offer/2249346656222728937/,'+ 9 42,8 м² · 1-комнатная квартира · 24 этаж из 41 Марьина Роща 15 мин. ЖК «ТАТЕ» , 2 квартал 2027 Успейте купить со скидкой 14%! Продается 1-к квартира общей площадью 42.81 м2 с предчистовой отделкой в ЖК премиум-класса ТАТЕ на 24-м этаже 41-этажной башни Б. ТАТЕ  жилой комплекс премиум-класса в историческом районе Марьина Роща на границе СЗАО и 29 757 232 ₽ –14% 25 591 218 ₽ от 69 990 ₽ в месяц Показать телефон Позвоните мне 15 часов назад',695262.43,0.0,0.0,0.585
yandex,Москва,101681200,109.1,3,5,21,Аминьевская,12,https://realty.yandex.ru/offer/4030476150162126355/,'+ 9 109,1 м² · 3-комнатная квартира · 5 этаж из 21 Аминьевская 14 мин. Клубный дом РЕКА , 4 квартал 2029 В продаже 3-к квартира от застройщика. Общая площадь 109.1, жилая 84.9, кухня 24.2. Квартира расположена на 5 этаже клубного дома РЕКА-4, Секция 2. Квартира без отделки. Срок сдачи: 4 кв. 2029 года. Высота потолка до 3.65 метра в квартирах и до 4,5 м 101 681 200 ₽ от 487 095 ₽ в месяц Показать телефон Позвоните мне 15 мая 2026',932000.0,0.0,0.0,0.238
yandex,Москва,43476940,67.7,2,18,49,Нагатинская,8,https://realty.yandex.ru/offer/8522441743989608911/,'+ 26 67,7 м² · 2-комнатная квартира · 18 этаж из 49 Нагатинская 8 мин. Квартал «Первый Нагатинский» , 4 квартал 2028 Продаётся просторная 2-комнатная квартира площадью 67,7 м, расположенная на 18 этаже корпуса 2.1  идеальный выбор для тех, кто ценит эстетику высоты, панорамы города и современный премиум-класс. С декабря 2025 года совместно со Сбер действует 43 476 940 ₽ –21% 34 346 782 ₽ от 182 206 ₽ в месяц Показать телефон Позвоните мне 19 мая 2026',642200.0,0.0,0.0,0.367
yandex,Москва,106666560,45.8,1,2,8,Краснопресненская,10,https://realty.yandex.ru/offer/6536626588667484468/,'+ 8 45,8 м² · 1-комнатная квартира · 2 этаж из 8 Краснопресненская 5 мин. Клубный жилой комплекс «Дом Спорта» , 1 квартал 2029 Продаётся 1-комнатная квартира с просторной кухней-гостиной в клубном жилом проекте элит-класса «Дом Спорта»  идеальный формат для тех, кто ценит комфорт и продуманную функциональность. Пространство, где каждая деталь создана для вашей жизни в 106 666 560 ₽ от 447 024 ₽ в месяц Показать телефон Позвоните мне 12 мая 2026',2328964.19,0.0,0.0,0.25
yandex,Москва,213287312,99.7,1,8,9,Маяковская,10,https://realty.yandex.ru/offer/5749617573777738454/,'+ 26 99,7 м² · 1-комнатные апартаменты · 8 этаж из 9 Маяковская 2 мин. Апарт-комплекс «Веспер Тверская» , 2 квартал 2023 Продаются апартаменты с отделкой и мебелью с сервисом 5 отеля на 8-м этаже общей площадью 99.7 метров с 1-й спальней и кухней-гостиной. Дом готов. О жилом комплексе Исключительный проект на главной улице Москвы, меняющий эстетику жизни в современном 213 287 312 ₽ 2 139 291 ₽ за м² Показать телефон Позвоните мне 6 июня 2025',2139290.99,0.0,0.0,0.889
yandex,Москва,26300000,38.4,1,23,28,Останкино,10,https://realty.yandex.ru/offer/3922755368741661670/,'последнее предложение + 26 38,4 м² · 1-комнатная квартира · 23 этаж из 28 Останкино 4 мин. Дом «Достижение» , 1 квартал 2025 Комфортная односпальная квартира с просторной кухней-гостиной. Вид из окна на Останкинскую телебашню. "Достижение" - единственный дом с торжественной архитектурой в окружении бескрайних парков на любой вкус: парк "Дубовая роща", обновленный 26 300 000 ₽ от 110 220 ₽ в месяц хорошая цена Показать телефон Позвоните мне 15 часов назад',684895.83,0.0,0.0,0.821
yandex,Москва,23951188,60.8,2,36,42,Москворечье,16,https://realty.yandex.ru/offer/3938451244122811141/,'+ 6 60,8 м² · 2-комнатная квартира · 36 этаж из 42 Москворечье 13 мин. ЖК «ВЕЙВ» , 1 квартал 2026 Продается 2-комн. кв-ра площадью 60.80 кв.м на 36 этаже 42 этажного монолитного дома в ЖК «ВЕЙВ» от Группа ЛСР. Ключевым преимуществом ВЕЙВ является благоустроенная набережная со смотровой площадкой, беговыми и велодорожками, детскими и спортивными. 23 951 188 ₽ от 90 263 ₽ в месяц хорошая цена Показать телефон Позвоните мне 19 мая 2026',393934.01,0.0,0.0,0.857
yandex,Москва,235612192,117.2,2,3,8,Красные ворота,10,https://realty.yandex.ru/offer/8431797464374563840/,'+ 5 117,2 м² · 2-комнатная квартира · 3 этаж из 8 Красные ворота 10 мин. Дом Соболева , 2 квартал 2028 Продаётся 2-комнатная квартира в строящемся доме, срок сдачи: II-кв. 2028, общей площадью 117.22 кв.м., на 3 этаже. "Дом Соболева" - это камерный жилой комплекс класса делюкс, расположенный на тихой и уютной улице Машкова в самом сердце Москвы. 235 612 192 ₽ 2 010 000 ₽ за м² Показать телефон Позвоните мне 20 марта 2026',2010342.94,0.0,0.0,0.375
yandex,Москва,247210000,205.8,4,4,9,,10,https://realty.yandex.ru/offer/3922755367021973314/,'+ 13 205,8 м² · 4-комнатная квартира · 4 этаж из 9 Улица 1905 года 13 мин. Квартал Life Time , 2 квартал 2026 Life Time  роскошный современный квартал на Пресне, в наиболее быстро растущем премиальном районе ЦАО. Его насыщенная инфраструктура и выгодное расположение дарят время для жизни. Вы больше не тратите его на дорогу или ожидание, при этом ни в чём 247 210 000 ₽ от 1 036 022 ₽ в месяц Показать телефон Позвоните мне 15 часов назад',1201214.77,0.0,0.0,0.444
yandex,Москва,481539168,199.9,3,2,7,Новокузнецкая,10,https://realty.yandex.ru/offer/9136400465930552915/,'последнее предложение + 12 199,9 м² · 3-комнатная квартира · 2 этаж из 7 Новокузнецкая 10 мин. Клубный дом ДУО , 2 квартал 2026 Клубный дом DUO расположен в самом центре города, на Софийской набережной острова Балчуг в нескольких минутах от Кремля. DUO воплощает в себе дуальность наследия прошлого и архитектуры будущего. Историческое наследие дополняется современными 481 539 168 ₽ 2 408 900 ₽ за м² Показать телефон Позвоните мне 17 апреля 2026',2408900.29,0.0,0.0,0.286
yandex,Москва,37521280,147.2,6,2,20,Новодачная,18,https://realty.yandex.ru/offer/6277030519061659931/,'последнее предложение + 11 147,2 м² · 6-комнатные апартаменты · 2 этаж из 20 Новодачная 10 мин. ФизтехСити , 4 квартал 2024 Продаётся лот в "ФИЗТЕХСИТИ" от ГК ОСНОВА. "ФизтехСити" состоит из двух 20-этажных секций, объединенных двухэтажным основанием, и включает 488 лотов с панорамным остеклением. В кластере собственный подземный паркинг и гостевые парковки, на первых ГК Основа 37 521 280 ₽ от 157 246 ₽ в месяц хорошая цена Показать телефон Позвоните мне 31 мая 2023',254900.0,0.0,0.0,0.1
yandex,Москва,16118080,60.8,2,15,20,Новодачная,18,https://realty.yandex.ru/offer/6277030519058828830/,'3D-тур + 11 60,8 м² · 2-комнатные апартаменты · 15 этаж из 20 Новодачная 10 мин. ФизтехСити , 4 квартал 2024 Продаётся лот в "ФИЗТЕХСИТИ" от ГК ОСНОВА. "ФизтехСити" состоит из двух 20-этажных секций, объединенных двухэтажным основанием, и включает 488 лотов с панорамным остеклением. В кластере собственный подземный паркинг и гостевые парковки, на первых ГК Основа 16 118 080 ₽ от 67 549 ₽ в месяц хорошая цена Показать телефон Позвоните мне 27 апреля 2023',265100.0,0.0,0.0,0.75
yandex,Москва,212370592,203.0,4,10,17,Смоленская,2,https://realty.yandex.ru/offer/244099047158513726/,'+ 5 203 м² · 4-комнатная квартира · 10 этаж из 17 Смоленская 6 мин. ЖК «Груббер Хаус» , 4 квартал 1998 Лот: 29418. Предлагается к продаже полностью готовая к проживанию меблированная 3-х комнатная квартира в известном доме в районе Арбата "Грубер Хаус"- элитный полностью заселенный дом на 90 квартир. Территория огорожена и охраняема, ведется Point Estate, агентство 212 370 592 ₽ 1 046 161 ₽ за м² Показать телефон Написать 8 часов назад',1046160.55,0.0,0.0,0.588
yandex,Москва,20035868,48.3,1,6,48,Трикотажная,10,https://realty.yandex.ru/offer/8062063534413464561/,'+ 7 48,3 м² · 1-комнатная квартира · 6 этаж из 48 Трикотажная 10 мин. ЖК «Сити Бэй» , 1 квартал 2027 Продается 1-комнатная квартира от застройщика в жилом комплексе Сити Бэй, квартале Норс, площадью 48.29 м на 6 этаже. Срок сдачи 1 квартал 2027 года. Концепция жилого комплекса Сити Бэй - настоящий город в городе с отлично развитой инфраструктурой и 20 035 868 ₽ от 71 976 ₽ в месяц Показать телефон Позвоните мне 18 мая 2026',414821.28,0.0,0.0,0.125
yandex,Москва,27200000,44.9,1,3,29,Тушинская,10,https://realty.yandex.ru/offer/7698976878401459602/,'+ 11 44,9 м² · 1-комнатная квартира · 3 этаж из 29 Тушинская 14 мин. ЖК «ЮТУ» , 1 квартал 2028 Скидка до 23% в мае на выделенный пул лотов! ЮТУ  камерный проект бизнес-класса с исключительной архитектурой, видовыми квартирами и подходом к большой благоустроенной набережной канала имени Москвы. Проект создает идеальный баланс жизни в городе. 27 200 000 ₽ –12% 23 936 000 ₽ от 113 991 ₽ в месяц Показать телефон Позвоните мне 7 апреля 2026',605790.65,0.0,0.0,0.103
yandex,Москва,33935552,65.5,2,29,34,Нагорная,10,https://realty.yandex.ru/offer/7640321072816633041/,'+ 8 65,5 м² · 2-комнатная квартира · 29 этаж из 34 Нагорная 9 мин. ЖК Twelve , 2 квартал 2026 Рассрочка 0% до 30.12.2027 г. с платежом от 120 000  в месяц. Первоначальный взнос 20% 2-комн. квартира в ЖК "Твелв" на 29 этаже в 34 этажном здании Корпус 1. Общая площадь: 65.5 кв.м., жилая: 38.20 кв.м. Высота потолков 3.15 м. ЖК Твелв от 33 935 552 ₽ от 162 574 ₽ в месяц Показать телефон Позвоните мне 1 октября 2025',518100.03,0.0,0.0,0.853
yandex,Москва,42218780,87.7,3,12,30,Строгино,10,https://realty.yandex.ru/offer/4017216401938630148/,'последнее предложение + 26 87,7 м² · 3-комнатная квартира · 12 этаж из 30 Строгино 21 мин. Строгино 360 , 4 квартал 2028 Продаётся 3-комн.квартира площадью 87.70 кв.м на 12 этаже 30 этажного дома (Доминанта 1.2, секция 1) проекта ПИК Строгино 360. Светлый просторный подъезд на уровне земли, функциональная планировка, большие окна, с отделкой. «Строгино 360» 42 218 780 ₽ –10% 37 996 902 ₽ от 151 665 ₽ в месяц Показать телефон Позвоните мне 3 часа назад',481400.0,0.0,0.0,0.4
yandex,Москва,131110000,125.6,4,12,14,Минская,9,https://realty.yandex.ru/offer/3922755366910494407/,'последнее предложение + 13 125,6 м² · 4-комнатная квартира · 12 этаж из 14 Минская 11 мин. Cобрание клубных домов West Garden , 2 квартал 2023 Комфортная и продуманная до мелочей 4-спальная квартира площадью 125.60 кв. м на 12 этаже в клубном доме №3939254 (12). Увеличенная площадь окон и высота потолков 3.38 м дарят впечатляющие виды на парки, зеленые зоны и природные заказники. West 131 110 000 ₽ от 549 463 ₽ в месяц Показать телефон Позвоните мне 15 часов назад',1043869.43,0.0,0.0,0.857
yandex,Москва,34900000,61.0,2,9,21,Хорошёво,9,https://realty.yandex.ru/offer/7053956912612281530/,'+ 13 61 м² · 2-комнатная квартира · 9 этаж из 21 Хорошёво 10 мин. ЖК «Big Time» Арт. 136221744 Эту квартиру можно купить в ипотеку по ставке 11,9% только через нашу компанию. Квартира, где всё уже сделано нормально  без желания что-то срочно переделывать после покупки. 61 м в ЖК BIG TIME  современный бизнес-класс с тихим двором, 34 900 000 ₽ 572 131 ₽ за м² Показать телефон Написать 7 часов назад',572131.15,0.0,0.0,0.429
yandex,Москва,27356712,53.4,2,34,57,Калужская,10,https://realty.yandex.ru/offer/3938451244122810868/,'+ 9 53,4 м² · 2-комнатная квартира · 34 этаж из 57 Калужская 11 мин. Дом «Обручева 30» , 4 квартал 2026 Продается 2-комн. кв-ра площадью 53.40 кв.м на 34 этаже 57 этажного монолитного дома в ЖК «ОБРУЧЕВА 30» от Группа ЛСР. «Обручева 30» - дом бизнес-класса в престижном районе ЮЗАО и шаговой доступности от станции метро «Калужская». Два корпуса 27 356 712 ₽ от 98 275 ₽ в месяц Показать телефон Позвоните мне 17 мая 2026',512297.98,0.0,0.0,0.596
yandex,Москва,202698800,125.2,3,11,24,Павелецкая,3,https://realty.yandex.ru/offer/6396785478083792760/,'+ 26 125,2 м² · 3-комнатная квартира · 11 этаж из 24 Павелецкая 8 мин. ТАТАРСКАЯ 35 , 1 квартал 2028 Продается просторная квартира площадью 125.20 м2 в жилом комплексе ТАТАРСКАЯ, 35. Квартира находится в 1 секции корпуса 3. Этаж 11-й из 24. Квартира без чистовой отделки, с просторной кухней 38.80 м2. Жилая площадь  46.10 м2. Высота потолка от 3.50. 202 698 800 ₽ от 971 010 ₽ в месяц Показать телефон Позвоните мне 14 мая 2026',1619000.0,0.0,0.0,0.458
yandex,Москва,78814000,100.4,3,56,57,Фили,10,https://realty.yandex.ru/offer/4392087949786999479/,'+ 19 100,4 м² · 3-комнатная квартира · 56 этаж из 57 Фили 8 мин. ЖК «Феймос» , 4 квартал 2025 Дом сдан! Прямая продажа от застройщика. Продаётся 3-комнатная квартира общей площадью 100.40 м с предчистовой отделкой на 56-м этаже премиального небоскреба Феймос. Если к слову «будущее» подобрать архитектурный синоним, им непременно станет 78 814 000 ₽ –5% 74 873 300 ₽ от 330 298 ₽ в месяц хорошая цена Показать телефон Позвоните мне 12 мая 2026',785000.0,0.0,0.0,0.982
yandex,Москва,23971826,66.1,2,19,23,Пражская,10,https://realty.yandex.ru/offer/3938451244122812845/,'+ 7 66,1 м² · 2-комнатная квартира · 19 этаж из 23 Пражская 13 мин. ЖК Парксайд , 2 квартал 2025 Продается 2-комн. кв-ра площадью 66.10 кв.м на 19 этаже 22 этажного монолитного дома в ЖК «ПАРКСАЙД» от Группа ЛСР. «Парксайд»  это гармония природы и города. Жилой комплекс бизнес-класса строится в районе Чертаново Центральное Южного 23 971 826 ₽ от 90 341 ₽ в месяц хорошая цена Показать телефон Позвоните мне вчера',362660.0,0.0,0.0,0.826
yandex,Москва,107722224,61.1,1,1,6,Новокузнецкая,10,https://realty.yandex.ru/offer/6242880551916412300/,'+ 5 61,1 м² · 1-комнатная квартира · 1 этаж из 6 Новокузнецкая 9 мин. ЖК «Садовническая 69» , 2 квартал 2028 Просторная и светлая квартира площадью 61.08 кв.м. Клубный квартал делюкс класса «Садовническая 69» на острове Балчуг Уникальный адрес в сердце Москвы  первая линия Садовнической набережной, золотой остров Балчуг. Тишина и уединённость сочетаются с 107 722 224 ₽ 1 763 625 ₽ за м² Показать телефон Позвоните мне 29 апреля 2026',1763047.86,1.0,0.0,0.167
yandex,Москва,63525000,110.0,3,4,45,Воронцовская,10,https://realty.yandex.ru/offer/2467402442498750667/,'+ 18 110 м² · 3-комнатная квартира · 4 этаж из 45 Воронцовская 9 мин. ЖК СТОУН Грэйн , 3 квартал 2029 В продаже угловая 3-спальная квартира c панорамным остеклением. Особенность квартиры - двухрядная кухня. Гостиная с функциональным зонированием станет сердцем вашей будущей семьи. Мастер-спальня с гардеробной и приватной ванной комнатой. Рядом 63 525 000 ₽ 577 500 ₽ за м² Показать телефон Позвоните мне вчера',577500.0,0.0,0.0,0.089
yandex,Москва,13578600,36.6,1,4,16,Потапово,10,https://realty.yandex.ru/offer/4017216401937523915/,'последнее предложение 3D-тур + 6 36,6 м² · 1-комнатная квартира · 4 этаж из 16 Потапово 22 мин. Бунинская набережная , 4 квартал 2027 В Новой Москве продаётся 1-комнатная квартира квартира площадью 36.6 на 4 этаже 16 этажного дома (корпус 2.6/1.2, секция 2) в проекте ПИК «Бунинская набережная». Удобное расположение 18 минут пешком до станции метро «Потапово» и 12 минут на машине до 13 578 600 ₽ –5% 12 899 670 ₽ от 48 779 ₽ в месяц Показать телефон Позвоните мне 3 часа назад',371000.0,0.0,0.0,0.25
yandex,Москва,25500000,48.0,1,4,35,Алексеевская,8,https://realty.yandex.ru/offer/3938452234512179326/,'+ 11 48 м² · 1-комнатная квартира · 4 этаж из 35 Алексеевская 13 мин. ЖК iLove , 1 квартал 2024 Id 389947. ПРОСТОРНАЯ 1-я квартира в ЖК «iLove» Уникальное предложение! Главная особенность кухня-гостиная площадью 21М2 . ЖК находится в пешей доступности от двух станций метро. Развитая инфраструктура : рядом школы, детские сады, поликлиники и 25 500 000 ₽ 531 250 ₽ за м² Показать телефон 7 часов назад',531250.0,0.0,0.0,0.114
yandex,Москва,27603000,56.6,2,7,8,,10,https://realty.yandex.ru/offer/5556666459875603759/,'последнее предложение + 9 56,6 м² · 2-комнатная квартира · 7 этаж из 8 деревня Рогозинино , жилой комплекс Внуково Кантри Клаб ЖК «Внуково Кантри Клаб» , 3 квартал 2026 Продается видовая квартира (площадь - 56.60 кв. м., комнат - 2, этаж 7) в клубном поселке премиум-класса Vnukovo Country Club. Комплекс расположен на Западе Москвы в экологически-чистом районе в окружении Ульяновского и Валуевского лесопарков. 30 Га 27 603 000 ₽ от 115 680 ₽ в месяц Показать телефон Позвоните мне 17 апреля 2026',487685.51,0.0,0.0,0.875
yandex,Москва,46039720,83.8,3,15,43,Бульвар Рокоссовского,10,https://realty.yandex.ru/offer/9154036885163512682/,'+ 23 83,8 м² · 3-комнатная квартира · 15 этаж из 43 Бульвар Рокоссовского 1 мин. ЖК НАЗАРÉ , 2 квартал 2028 Предложения месяца от девелопера: - Ипотека от 3,5% на весь срок или 0,11% на первый год - Рассрочка без процентов - Trade-in с проживанием на время строительства дома Просторная 3-комнатная квартира. Общая площадь - 83.8 м2 на 15 этаже, без отделки. Мангазея 46 039 720 ₽ от 165 391 ₽ в месяц Показать телефон Позвоните мне 5 часов назад',549400.0,0.0,0.0,0.349
yandex,Москва,49712360,43.9,1,4,20,Аэропорт,7,https://realty.yandex.ru/offer/2728862705393742730/,'последнее предложение + 19 43,9 м² · 1-комнатная квартира · 4 этаж из 20 Аэропорт 10 мин. Авторская коллекция резиденций «МУЗА» , 1 квартал 2029 Продается 1-комнатная квартира без отделки, в корпусе 1 общей площадью 43,90 кв.м. на 4 этаже. Всего в МУЗЕ 309 лотов площадью от 37 до 250 м, большинство  с балконами и террасами. Высота потолков  от 3,5 до 4,65 м. Эксклюзивные форматы:  Пентхаусы Мангазея 49 712 360 ₽ от 178 585 ₽ в месяц Показать телефон Позвоните мне 14 часов назад',1132400.0,0.0,0.0,0.2
yandex,Москва,16500000,54.0,2,11,16,Домодедовская,10,https://realty.yandex.ru/offer/3938452234512180137/,'3D-тур + 12 54 м² · 2-комнатная квартира · 11 этаж из 16 Домодедовская 9 мин. Каширское шоссе , 94к3 Id 389892. Успейте приобрести эту функциональную 2-комнатную квартиру, в которой вы сможете сделать ремонт своей мечты. Этот вариант идеально подойдет тем, кто ценит выгодное расположение дома и продуманную планировку. Квартира нуждается в ремонте, ОГРК, агентство 16 500 000 ₽ 305 556 ₽ за м² Показать телефон 7 часов назад',305555.56,0.0,0.0,0.688
yandex,Москва,48310500,74.9,3,17,19,Университет Дружбы Народов,10,https://realty.yandex.ru/offer/1418870844485295588/,'+ 12 74,9 м² · 3-комнатная квартира · 17 этаж из 19 Университет Дружбы Народов 6 мин. Жилой квартал ВЭРИ на Миклухо-Маклая , 4 квартал 2025 Продается 3-к квартира площадью 74.9 кв.м. на 17-м этаже Уникальная концепция проекта сочетает в себе все преимущества жизни стремительного мегаполиса и спокойного приватного отдыха в единении с природой. На закрытой благоустроенной территории 48 310 500 ₽ 645 000 ₽ за м² Показать телефон Позвоните мне 10 мая 2026',645000.0,0.0,0.0,0.895
yandex,Москва,63000000,90.8,3,8,30,Фонвизинская,10,https://realty.yandex.ru/offer/4621163582182055788/,'+ 26 90,8 м² · 3-комнатная квартира · 8 этаж из 30 Фонвизинская 19 мин. ЖК «ВЭРИ на Ботанической» Код объекта: 2176192. Продается квартира в ЖК «Вери на Ботанической», в шаговой доступности от Главного входа в Ботанический сад РАН. О квартире: это минимализм-сдержанный и легкий интерьер, простые решения, не броские цвета, строгость и 63 000 000 ₽ 693 833 ₽ за м² Показать телефон Написать 7 часов назад',693832.6,0.0,0.0,0.267
yandex,Москва,38373048,60.4,2,3,51,Полежаевская,10,https://realty.yandex.ru/offer/7243496121038998845/,'+ 7 60,4 м² · 2-комнатная квартира · 3 этаж из 51 Полежаевская 20 мин. ЖК SEZAR CITY , 4 квартал 2027 Продается 2-комнатная квартира в ЖК СЕЗАР СИТИ на 3 этаже. Общая площадь квартиры составляет 60,43 кв.м. Квартира без отделки. Срок сдачи - 2027 год. Архитектурный облик СЕЗАР СИТИ в полной мере выражает глубокую философию ар-деко, в основе которой - 38 373 048 ₽ от 160 816 ₽ в месяц Показать телефон Позвоните мне 6 февраля 2026',635315.36,0.0,0.0,0.059
yandex,Москва,24357280,63.2,2,8,20,Преображенская площадь,10,https://realty.yandex.ru/offer/6277033079601380990/,'+ 18 63,2 м² · 2-комнатные апартаменты · 8 этаж из 20 Преображенская площадь 18 мин. ЭВОПАРК Сокольники , 2 квартал 2026 Продаются 2-к апартаменты площадью 63.2 кв.м. на 8-м этаже 20 этажного дома в ЭВОПАРК Сокольники от ГК ОСНОВА. "ЭВОПАРК Сокольники" расположен в историческом районе Преображенское, в 300 метрах от парка Сокольники. "ЭВОПАРК Сокольники" расположен на 24 357 280 ₽ от 102 078 ₽ в месяц Показать телефон Позвоните мне 22 июля 2024',385400.0,0.0,0.0,0.4
yandex,Москва,40656188,85.6,3,7,12,Кунцевская,10,https://realty.yandex.ru/offer/3937630047382426393/,'+ 26 85,6 м² · 3-комнатная квартира · 7 этаж из 12 Кунцевская 14 мин. ЖК «Среда на Кутузовском» , 4 квартал 2027 О квартире Продаётся трехкомнатная квартира общей площадью 85.61 кв. м. без отделки. Квартира на 7 этаже корпуса 4.2 в жилом комплексе бизнес-класса «Среда на Кутузовском». До метро «Кунцевская» 10 минут пешком. Исторический зелёный район «Среда на 40 656 188 ₽ от 146 052 ₽ в месяц Показать телефон Позвоните мне 15 мая 2026',474955.47,0.0,0.0,0.583
yandex,Москва,120000000,130.0,4,17,32,Павелецкая,3,https://realty.yandex.ru/offer/3937530341846027275/,'+ 1 130 м² · 4-комнатная квартира · 17 этаж из 32 Павелецкая 13 мин. ЖК HIGH LIFE , 2 квартал 2025 Просторная видовая квартира с четырьмя спальнями общей площадью 130 м в комплексе премиум-класса High Life в Даниловском районе. Квартира без отделки расположена на семнадцатом этаже корпуса К1 «Соул Тауэр» (Soul Tower). Возможно спланировать 120 000 000 ₽ 923 077 ₽ за м² Показать телефон Написать 7 часов назад',923076.92,0.0,0.0,0.531
yandex,Москва,66416116,98.9,3,21,21,Стрешнево,10,https://realty.yandex.ru/offer/6237159552146389469/,'+ 26 98,9 м² · 3-комнатная квартира · 21 этаж из 21 Стрешнево 10 мин. Клубный дом «Интонация» , 4 квартал 2023 В продаже видовая 3-комнатная квартира в готовом клубном доме «Интонация». Квартира площадью 98.90 м без отделки  чистый холст для жизни большой семьи. Квартира включает 3 приватные спальни (в том числе мастер-спальню с санузлом), просторную 66 416 116 ₽ от 238 590 ₽ в месяц Показать телефон Позвоните мне 15 мая 2026',671548.19,0.0,1.0,1.0
yandex,Москва,37253728,83.1,3,2,13,Очаково,10,https://realty.yandex.ru/offer/3937630047380372833/,'+ 26 83,1 м² · 3-комнатная квартира · 2 этаж из 13 Очаково 17 мин. Среда на Лобачевского , 4 квартал 2027 О квартире Продаётся трехкомнатная квартира общей площадью 83.10 кв. м. без отделки. Квартира на 2 этаже корпуса 5.7 в жилом комплексе бизнес-класса «Среда на Лобачевского». До метро «Аминьевская» 7 минут пешком. Развитый район с удобным выездом 37 253 728 ₽ от 133 829 ₽ в месяц Показать телефон Позвоните мне 15 мая 2026',448299.98,0.0,0.0,0.154
yandex,Москва,25500000,77.7,3,3,14,Москворечье,16,https://realty.yandex.ru/offer/7053956912612252728/,'+ 17 77,7 м² · 3-комнатная квартира · 3 этаж из 14 Москворечье 13 мин. Кантемировская улица , 3к3 Арт. 136222637 СПЕЦИАЛЬНО для наших клиентов ставка на ипотеку от банков партнеров от 11,9 % Продаётся уютная трёхкомнатная квартира площадью 77.7 квадратных метров на третьем этаже панельного дома, расположенного по адресу: Москва, Кантемировская 25 500 000 ₽ 328 185 ₽ за м² Показать телефон Написать 7 часов назад',328185.33,0.0,0.0,0.214
yandex,Москва,26000000,54.0,2,11,26,Нагатинская,8,https://realty.yandex.ru/offer/5226080894684748244/,'+ 8 54 м² · 2-комнатная квартира · 11 этаж из 26 Нагатинская 18 мин. ЖК Левел Нагатинская , 2 квартал 2024 Единственная квартира и самая хорошая планировка, которая соответствует уровню локации и цене! ПРЯМАЯ, СВОБОДНАЯ ПРОДАЖА от собственника. Нагатинская набережная 10ас3. На первой бeрeговой линии Моcквы-рeки продаётся свeтлая, проcтopнaя, кoмфортная 26 000 000 ₽ 481 481 ₽ за м² хорошая цена онлайн показ Показать телефон Написать 7 часов назад',481481.48,0.0,0.0,0.423
yandex,Москва,13800000,35.0,1,16,16,Крымская,7,https://realty.yandex.ru/offer/3961344737878187635/,'+ 26 35 м² · 1-комнатная квартира · 16 этаж из 16 Крымская 10 мин. Загородное шоссе , 7к4 Просторная квартира в жилом состоянии. Подходит как для сдачи в аренду, так и для личного проживания. Удачная планировка: комната с альковом, большая застекленная лоджия на комнату и кухню. Высокий этаж, хороший види из окон.Закрытый тамбур, чистый 13 800 000 ₽ 394 286 ₽ за м² Показать телефон 7 часов назад',394285.71,0.0,1.0,1.0
yandex,Москва,47895000,93.0,4,20,21,Соколиная гора,10,https://realty.yandex.ru/offer/2299314423805261504/,'+ 7 93 м² · 4-комнатная квартира · 20 этаж из 21 Соколиная гора 6 мин. ЖК «УНО Соколиная Гора» , 2 квартал 2027 Продается 4-к квартира площадью 93 кв.м. на 20-м этаже УНО Соколиная Гора  новое поколение жилой недвижимости в историческом районе Москвы в непосредственной близости от Измайловского парка. Динамичная и современная архитектура формирует доминанту 47 895 000 ₽ от 182 698 ₽ в месяц Показать телефон Позвоните мне 16 мая 2026',515000.0,0.0,0.0,0.952
yandex,Москва,113000000,118.9,3,11,17,Тульская,5,https://realty.yandex.ru/offer/4805508911737820161/,'+ 16 118,9 м² · 3-комнатная квартира · 11 этаж из 17 Тульская 12 мин. ЖК «Донской Олимп» , 4 квартал 2016 Лот: 97600. В продаже видовая квартира с дизайнерской отделкой в жилом комплексе «Донской Олимп». Планировка: гостиная-кухня-столовая, мастер-спальня с ванной комнатой и гардеробной, вторая спальня или кабинет, гостевой санузел, постирочная. 113 000 000 ₽ 950 378 ₽ за м² Показать телефон Написать 7 часов назад',950378.47,0.0,0.0,0.647
yandex,Москва,91500000,89.0,3,12,40,Аэропорт,7,https://realty.yandex.ru/offer/3937530341866402460/,'+ 10 89 м² · 3-комнатная квартира · 12 этаж из 40 Аэропорт 13 мин. Квартал Prime Park , 1 квартал 2021 Просторная новая квартира с двумя спальнями площадью 89 м в комплексе премиум-класса Prime Park с презентабельной входной группой от британского бюро Dyer. Угловая квартира расположена на двенадцатом этаже в корпусе R5. Выполнен современный ремонт. 91 500 000 ₽ 1 028 090 ₽ за м² Показать телефон Написать 7 часов назад',1028089.89,0.0,0.0,0.3
yandex,Москва,43900000,87.2,3,3,34,Воронцовская,10,https://realty.yandex.ru/offer/5180127926973671434/,'+ 8 87,2 м² · 3-комнатная квартира · 3 этаж из 34 Воронцовская 6 мин. ЖК Ever , 4 квартал 2025 Id 60613. Продается трехкомнатная квартира с кладовкой в ЖК "Ever" на 3 этаже в 34 этажном здании. ЖК EVER это современный жилой комплекс в районе Обручева, всего в 7 минутах ходьбы от метро Калужская. В ЖК EVER представлены комфортабельные квартиры 43 900 000 ₽ 503 440 ₽ за м² хорошая цена Показать телефон 8 часов назад',503440.37,0.0,0.0,0.088
yandex,Москва,439000000,252.3,4,4,7,Смоленская,2,https://realty.yandex.ru/offer/4805508911745242739/,'+ 13 252,3 м² · 4-комнатная квартира · 4 этаж из 7 Смоленская 9 мин. Клубный дом «Дворянское Гнездо» , 4 квартал 2004 Лот: 16160. Предлагается четырехкомнатная квартира площадью 252,3 кв. м на четвертом этаже элитного клубного дома «Дворянское гнездо» - в историческом сердце Арбата. Пространство свободной планировки позволяет создать уникальный интерьер по 439 000 000 ₽ 1 739 992 ₽ за м² Показать телефон Написать 8 часов назад',1739992.07,0.0,0.0,0.571
yandex,Москва,57000000,145.0,5,1,5,Тушинская,10,https://realty.yandex.ru/offer/3394947152359036055/,'+ 24 145 м² · 5-комнатные апартаменты · 1 этаж из 5 Тушинская 19 мин. улица Свободы , 24/9 Код объекта: 2149407. Уникальныe аппaртaмeнты c отдельным вxoдoм, в cамом зелeнoм oкруге Мocквы! Для лучшего ознакомления Кухня-стoлoвaя-гoстиная 50м2, 5 изoлирoвaнныx cпaлен; спaльни:12/17/9/11/11 Oтличительная оcoбeнность- СОБСТВЕННЫЙ узaконенный 57 000 000 ₽ 393 103 ₽ за м² Показать телефон 14 часов назад',393103.45,1.0,0.0,0.2
yandex,Москва,87422008,120.3,4,4,47,Павелецкая,3,https://realty.yandex.ru/offer/7066283097187197804/,'последнее предложение + 13 120,3 м² · 4-комнатная квартира · 4 этаж из 47 Павелецкая 13 мин. ЖК HIGH LIFE , 4 квартал 2027 Продажа от застройщика PIONEER. 4-комнатная квартира площадью 120.30 м на 4 этаже 47-этажной башни в премиальном комплексе HIGH LIFE, вблизи исторического Замоскворечья. Жилой комплекс всего в 5 минутах от Садового кольца. Архитектура от бюро ADM 87 422 008 ₽ –12% 76 931 368 ₽ от 329 832 ₽ в месяц Показать телефон Позвоните мне 6 часов назад',726699.98,0.0,0.0,0.085
yandex,Москва,68000000,254.5,6,25,25,Матвеевская,12,https://realty.yandex.ru/offer/7053956942701427935/,'+ 18 254,5 м² · 6-комнатная квартира · 25 этаж из 25 Матвеевская 13 мин. Нежинская улица , 8к1 Арт. 123524945 ЭКСКЛЮЗИВНАЯ ВОЗМОЖНОСТЬ ПРИОБРЕСТИ КВАРТИРУ В ИПОТЕКУ ПО Ставке от 11,90% ПЕНТХАУС в жк "Нежинский ковчег" с террасой без отделки. О КВАРТИРЕ: Квартира в черновой отделке. Высокие потолки. Внутри помещения нет несущих стен, что 68 000 000 ₽ 267 191 ₽ за м² хорошая цена торг Показать телефон Написать 7 часов назад',267190.57,0.0,1.0,1.0
yandex,Москва,57236400,93.6,3,23,24,Беломорская,17,https://realty.yandex.ru/offer/8862327070382294570/,'+ 10 93,6 м² · 3-комнатная квартира · 23 этаж из 24 Беломорская 18 мин. Мангазея на Речном , 3 квартал 2027 В продаже 3-к квартира площадью 93.60 м2. Функциональная планировка, кухня-гостиная, просторные санузел и гардеробная. Квартира расположена на 23-м этаже 24-этажного дома. Условия покупки: - Семейная ипотека от 3,5% на весь срок; - Ипотека 0,11% на Мангазея 57 236 400 ₽ от 205 614 ₽ в месяц Показать телефон Позвоните мне 9 часов назад',611500.0,0.0,0.0,0.958
yandex,Москва,17400000,54.0,2,11,16,Аннино,10,https://realty.yandex.ru/offer/3938452234512182061/,'+ 9 54 м² · 2-комнатная квартира · 11 этаж из 16 Аннино 7 мин. Варшавское шоссе , 154к2 Id 389690. Двухкомнатная квартира с лесным видом в Южном Чертаново! Две изолированные комнаты с мебелью, большая кухня, застекленный балкон, изолированный санузел. По желанию покупателя, квартира будет освобождена от всех вещей и мебели. Дом серии ОГРК, агентство 17 400 000 ₽ 322 222 ₽ за м² Показать телефон 7 часов назад',322222.22,0.0,0.0,0.688
yandex,Москва,16991000,36.0,1,8,15,Вавиловская,10,https://realty.yandex.ru/offer/1437536641127906735/,'+ 26 36 м² · 1-комнатная квартира · 8 этаж из 15 Вавиловская 12 мин. улица Вавилова , 89 Код объекта: 2106295. Выгодный объект, который всегда будет актуален! В продаже однокомнатная квартира в кирпичном доме на ул. Вавилова. Дом в шаговой доступности от школы Единство №1205, детского сада №97. Остановка общественного транспорта - в 16 991 000 ₽ 471 972 ₽ за м² онлайн показ Показать телефон 14 часов назад',471972.22,0.0,0.0,0.533
yandex,Москва,28001258,56.9,2,7,26,Тушинская,10,https://realty.yandex.ru/offer/2233178511093552073/,'последнее предложение + 26 56,9 м² · 2-комнатная квартира · 7 этаж из 26 Тушинская 7 мин. Мультиквартал «СИТИДЗЕН» , 2 квартал 2029 Продается 2-комнатная квартира от застройщика в жилом мультиквартале СИТИДЗЕН на 7-м этаже. Общая площадь лота составляет 56.89 м СИТИДЗЕН  это большой город в миниатюре. Инфраструктура мультиквартала организована по принципу шаговой доступности от 28 001 258 ₽ –8% 25 761 157 ₽ от 100 591 ₽ в месяц Показать телефон Позвоните мне 14 мая 2026',492113.5,0.0,0.0,0.269
yandex,Москва,139000000,205.5,5,24,24,Рабочий посёлок,10,https://realty.yandex.ru/offer/1396823674431650854/,'+ 24 205,5 м² · 5-комнатная квартира · 24 этаж из 24 Рабочий посёлок 15 мин. Можайское шоссе , 22к1 Лот: 101894. В продаже видовой двухуровневый пентхаус с дизайнерской отделкой в жилом комплексе "Аврора" на Западе Москвы. Выполнена отделка в стиле современной классики, квартира меблирована и оснащена качественной бытовой техникой Miele и 139 000 000 ₽ 676 399 ₽ за м² Показать телефон Написать 8 часов назад',676399.03,0.0,1.0,1.0
yandex,Москва,44586240,68.3,2,3,24,Красный Балтиец,10,https://realty.yandex.ru/offer/6963990753164255742/,'последнее предложение + 17 68,3 м² · 2-комнатная квартира · 3 этаж из 24 Красный Балтиец 8 мин. ЖК СОУЛ , 1 квартал 2029 Цены указаны с условием 100% оплаты и стандартной ипотеки. Прямая продажа от застройщика! Продается 2-к. квартира номер 183 общей площадью 68.3 кв.м. на 3-м этаже 7 этажного дома, камерные дома СОУЛ (премиум-класс). Без отделки. Проект бизнес-класса 44 586 240 ₽ –22% 34 777 267 ₽ от 160 170 ₽ в месяц Показать телефон Позвоните мне 15 мая 2026',652800.0,0.0,0.0,0.125
yandex,Москва,90000000,109.3,2,35,42,Ломоносовский проспект,10,https://realty.yandex.ru/offer/7053956914180332579/,'+ 18 109,3 м² · 2-комнатная квартира · 35 этаж из 42 Ломоносовский проспект 15 мин. Квартал «Воробьевы Горы» , 3 квартал 2012 Арт. 134994597 Квартира с панорамным видом на 35 этаже в элитном ЖК "Воробьевы горы". 20 лет стояла в бетоне, выполнен свежий дизайнерский ремонт. Один взрослый собственник. Без обременений. Закрытый жилой комплекс с собственной инфраструктурой: 90 000 000 ₽ 823 422 ₽ за м² Показать телефон Написать 7 часов назад',823421.77,0.0,0.0,0.833
yandex,Москва,134477456,112.6,3,37,46,Фили,10,https://realty.yandex.ru/offer/5513960850204302207/,'последнее предложение + 26 112,6 м² · 3-комнатная квартира · 37 этаж из 46 Фили 12 мин. ЖК «Ривер Парк Кутузовский» , 3 квартал 2026 Продается 3-к квартира площадью 112.6 кв.м. на 37-м этаже в жилом комплексе премиум-класса Ривер Парк Кутузовский в Башне Изумруд Премиальный жилой комплекс Ривер Парк Кутузовский строится в одном из самых престижных районов столицы Дорогомилово, на 134 477 456 ₽ от 644 202 ₽ в месяц Показать телефон 17 февраля 2025',1194293.57,0.0,0.0,0.804
yandex,Москва,23990000,73.3,3,6,23,Крылатское,13,https://realty.yandex.ru/offer/6675401446728428042/,'3D-тур + 22 73,3 м² · 3-комнатная квартира · 6 этаж из 23 Крылатское 14 мин. Рублёвское шоссе , 70к1 Код объекта: 1166772. Ваш идеальный дом ждёт вас! Представляем вашему вниманию великолепную 3-комнатную квартиру площадью 73,3 м в престижном районе Крылатское, в монолитном доме 2019 года постройки. Ключевые преимущества: Высокий этаж (6-й из 23) 23 990 000 ₽ 327 285 ₽ за м² онлайн показ Показать телефон 7 часов назад',327285.13,0.0,0.0,0.261
yandex,Москва,126647192,91.5,2,10,18,Киевская,10,https://realty.yandex.ru/offer/3873718917542815013/,'+ 17 91,5 м² · 2-комнатная квартира · 10 этаж из 18 Киевская 16 мин. ЖК «Бадаевский» , 4 квартал 2026 Продаётся двухкомнатная квартира в жилом комплексе «Бадаевский»  формат для тех, кто выбирает больше свободы и личного пространства, не покидая центр Москвы. Атмосфера света, открытых видов и архитектуры вокруг формирует ощущение жизни на высоте. 126 647 192 ₽ от 454 393 ₽ в месяц Показать телефон Позвоните мне 12 часов назад',1384122.32,0.0,0.0,0.556
yandex,Москва,35800000,61.0,3,11,21,Хорошёво,9,https://realty.yandex.ru/offer/9137391778279977737/,'3D-тур + 26 61 м² · 3-комнатная квартира · 11 этаж из 21 Хорошёво 10 мин. ЖК «Big Time» Арт. 135649547 Продам угловую трехкомнатную квартиру евро формат в ЖК BIG TIME в новом доме. О квартире: Квартира находится на одиннадцатом этаже. С новым ремонтом. Комфортная планировка, комнаты изолированы. Потолок - гипсокартон (основная площадь), 35 800 000 ₽ 586 885 ₽ за м² Показать телефон Написать 7 часов назад',586885.25,0.0,0.0,0.524
yandex,Москва,30923270,72.1,3,13,30,Новопеределкино,10,https://realty.yandex.ru/offer/5534563072480081417/,'+ 5 72,1 м² · 3-комнатная квартира · 13 этаж из 30 Новопеределкино 5 мин. ЖК «Родина Переделкино» , 4 квартал 2027 Продаётся 3-комнатная квартира площадью 72.1 м на 13 этаже в Жилом Комплексе "Родина Переделкино". Первый в России киберспортивный кластер от Группы Родина. Это жилой квартал бизнес-класса на Западе Москвы на границе с Ульяновским лесопарком, 30 923 270 ₽ –20% 24 738 616 ₽ от 110 949 ₽ в месяц Показать телефон Позвоните мне 13 часов назад',428894.17,0.0,0.0,0.433
yandex,Москва,23000000,52.7,2,10,14,Лефортово,10,https://realty.yandex.ru/offer/2378280298470660750/,'+ 25 52,7 м² · 2-комнатная квартира · 10 этаж из 14 Лефортово 5 мин. Солдатский переулок , 4 Номер в базе: 12681516. Продается уютная двухкомнатная квартира в хорошем состоянии. Дом расположен в глубине зелёного двора  тихо и спокойно. Всего 3 минуты пешком до станции метро «Лефортово». Рядом магазины, школа, детский сад, детская и взрослая 23 000 000 ₽ 436 433 ₽ за м² Показать телефон 14 часов назад',436432.64,0.0,0.0,0.714
yandex,Москва,60828928,97.9,3,44,75,Площадь Гагарина,10,https://realty.yandex.ru/offer/3683198848581395914/,'3D-тур + 19 97,9 м² · 3-комнатная квартира · 44 этаж из 75 Площадь Гагарина 8 мин. ЖК «Файв Тауэрс» , 3 квартал 2026 Гибкие программы рассрочки: 0% без переплат и удорожания; первый взнос от 10%.  Эргономичная планировка с детально продуманными функциональными зонами, которая позволит реализовать различные сценарии жизни  Прихожая с гостевым санузлом, 60 828 928 ₽ от 254 925 ₽ в месяц Показать телефон Позвоните мне 29 апреля 2026',621337.36,0.0,0.0,0.587
yandex,Москва,184140000,126.9,3,3,14,Белорусская,4,https://realty.yandex.ru/offer/3922755367078340768/,'+ 26 126,9 м² · 3-комнатная квартира · 3 этаж из 14 Белорусская 16 мин. Элитный квартал «Тишинский Бульвар» , 4 квартал 2027 В продаже 3-комнатная квартира квартира в элитном квартале «Тишинский бульвар». Общая площадь квартиры - 126.90 кв.м. Этаж 3 из 14. Корпус К4С1. «Тишинский бульвар» - тихий зелёный элитный квартал с собственным просторным зелёным парком в окружении 184 140 000 ₽ от 771 705 ₽ в месяц Показать телефон Позвоните мне 15 часов назад',1451063.83,0.0,0.0,0.214
yandex,Москва,19000000,50.5,2,14,16,Строгино,10,https://realty.yandex.ru/offer/6443963612123248258/,'+ 20 50,5 м² · 2-комнатная квартира · 14 этаж из 16 Строгино 13 мин. Таллинская улица , 17к2 Код объекта: 2170298. Двухкомнатная квартира в одном из самых комфортных районов Москвы - Строгино! 50,5 м продуманного пространства на 14 этаже. Из окон - открытый вид, много света, ощущение воздуха. Квартира солнечная, теплая, с удачной 19 000 000 ₽ 376 238 ₽ за м² онлайн показ Показать телефон 9 часов назад',376237.62,0.0,0.0,0.875
yandex,Москва,35369136,66.2,2,15,16,Тульская,5,https://realty.yandex.ru/offer/6509747144113010967/,'3D-тур + 5 66,2 м² · 2-комнатные апартаменты · 15 этаж из 16 Тульская 21 мин. Дом на набережной Инсайдер , 2 квартал 2026 Агентам не звонить. Просторный двухкомнатный лот в Доме на набережной Инсайдер. Сервисные лоты с системой «умный дом» на первой линии Москвы-реки. Лот расположен на 15 этаже в секции 1.1. Европланировка, просторная кухня-гостиная, гардеробная 35 369 136 ₽ от 148 227 ₽ в месяц Показать телефон Позвоните мне 5 мая 2026',534276.98,0.0,0.0,0.938
yandex,Москва,18800000,42.9,2,3,9,Ростокино,10,https://realty.yandex.ru/offer/5227772176694073614/,'3D-тур + 26 42,9 м² · 2-комнатная квартира · 3 этаж из 9 Ростокино 16 мин. Анадырский проезд , 63 Номер в базе: 53397. Ищете квартиру, в которую не нужно вкладывать миллионы на ремонт? Представляем вам готовое уютное гнездышко на Севере Москвы. Здесь всё сделано с душой и для жизни!!! Продам двухкомнатную квартиру с кабинетом и премиальной 18 800 000 ₽ 438 228 ₽ за м² Показать телефон 13 часов назад',438228.44,0.0,0.0,0.333
yandex,Москва,34555200,93.9,2,2,20,Коптево,10,https://realty.yandex.ru/offer/5248617025864254023/,'+ 26 93,9 м² · 2-комнатная квартира · 2 этаж из 20 Коптево 7 мин. ЖК «Михалковский» , 3 квартал 2024 Идет выдача ключей. Продаётся 2-к квартира 93,9 кв.м. в ЖК «Михалковский» на 2-м этаже 20 этажного дома. Скидка 8% при покупке квартиры! Ипотека для каждого! Полная стоимость кредита от 12,380% до 18,537%. Ставка от 0,11% в АО «Альфа-Банк», ген. РГ-Девелопмент 37 560 000 ₽ –8% 34 555 200 ₽ от 134 760 ₽ в месяц Показать телефон Позвоните мне вчера',368000.0,0.0,0.0,0.1
yandex,Москва,98347504,70.5,2,18,48,Выставочная,5,https://realty.yandex.ru/offer/7036087342865282647/,'+ 14 70,5 м² · 2-комнатная квартира · 18 этаж из 48 Выставочная 18 мин. ЖК «Начало» , 1 квартал 2030 В престижном районе Пресня, на перекрестке делового и исторического центров Москвы, продается двухкомнатная квартира площадью 70.50 кв. м без отделки. Квартира находится на 18 этаже 48-этажного дома, в новом элитном жилом комплексе «Начало» от 98 347 504 ₽ от 412 160 ₽ в месяц Показать телефон Позвоните мне 16 мая 2026',1395000.06,0.0,0.0,0.375
yandex,Москва,98098240,131.2,4,2,22,Савёловская,6,https://realty.yandex.ru/offer/6297526344388482417/,'последнее предложение 3D-тур + 10 131,2 м² · 4-комнатная квартира · 2 этаж из 22 Савёловская 12 мин. ЖК «ПРАЙД» , 1 квартал 2026 В премиальном жилом квартале Прайд продается 4-комнатная квартира в 1 корпусе, на 2 этаже, в секции 8. Её общая площадь составляет 131.2 м. Пространство включает 3 уютные спальни 12,6 м, 12,6 м, 13,8 м, просторную кухню-гостиную 48,9 м и 2 ванные 98 098 240 ₽ от 352 360 ₽ в месяц Показать телефон Позвоните мне вчера',747700.0,0.0,0.0,0.091
yandex,Москва,62942880,52.4,1,46,90,Выставочная,5,https://realty.yandex.ru/offer/7372957083464214658/,'последнее предложение + 23 52,4 м² · 1-комнатная квартира · 46 этаж из 90 Выставочная 6 мин. ЖК «Оне» , 3 квартал 2027 Старт продаж! Квартиры в Москва-Сити в самой инновационной башне Оне. В продаже 1-комнатная квартира площадью 52.40 м на 46-м этаже. Новый современный жилой комплекс премиум-класса Оне расположен в самом сердце деловой жизни столицы  в Москва-Сити, 62 942 880 ₽ от 263 785 ₽ в месяц Показать телефон Позвоните мне 20 мая 2026',1201200.0,0.0,0.0,0.511
yandex,Москва,17881500,51.1,2,15,18,Шоссе Энтузиастов,10,https://realty.yandex.ru/offer/6301626192686308694/,'+ 15 51,1 м² · 2-комнатные апартаменты · 15 этаж из 18 Шоссе Энтузиастов 7 мин. ЭВОПАРК Измайлово , 3 квартал 2026 Продаются 2-к апартаменты площадью 51.09 кв.м. на 15-м этаже 18 этажного дома в ЭВОПАРК Измайлово от ГК ОСНОВА. "ЭВОПАРК Измайлово" - это 18-ти этажный дом с подземным паркингом. С комфортом спуститься с жилых этажей или из лобби к автомобилю в ГК Основа 17 881 500 ₽ от 74 939 ₽ в месяц Показать телефон Позвоните мне вчера',349931.51,0.0,0.0,0.833
yandex,Москва,18500000,34.0,1,3,16,Тульская,5,https://realty.yandex.ru/offer/3938452234512180352/,'+ 5 34 м² · 1-комнатная квартира · 3 этаж из 16 Тульская 5 мин. Большая Тульская улица , 2 Id 389824. Стильная однокомнатная квартира с дизайнерским ремонтом в пешей доступности от метро Объект продается с готовым дизайнерским ремонтом. Каждый метр здесь продуман, использованы качественные материалы, которые будут радовать вас долгие годы. ОГРК, агентство 18 500 000 ₽ 544 118 ₽ за м² Показать телефон вчера',544117.65,0.0,0.0,0.188
yandex,Москва,76702560,80.3,2,14,36,Белорусская,10,https://realty.yandex.ru/offer/583880457186415643/,'+ 19 80,3 м² · 2-комнатная квартира · 14 этаж из 36 Белорусская 9 мин. ЖК «Слава» , 2 квартал 2027 Квартиры премиум-класса в жилом комплексе Слава у м. «Белорусская» от застройщика. В продаже 2-комнатная квартира площадью 80.30 м на 14-м этаже 41 этажного дома. Новый современный жилой комплекс премиум-класса Слава расположен в той части центра, 76 702 560 ₽ от 321 450 ₽ в месяц Показать телефон Позвоните мне 30 апреля 2026',955200.0,0.0,0.0,0.389
yandex,Москва,48904155,76.5,3,2,22,Савёловская,6,https://realty.yandex.ru/offer/7690868134959890785/,'последнее предложение + 10 76,5 м² · 3-комнатная квартира · 2 этаж из 22 Савёловская 12 мин. ЖК «ПРАЙД» , 1 квартал 2026 В премиальном жилом квартале Прайд продается 3-комнатная квартира в 1 корпусе, на 2 этаже, в секции 10. Её общая площадь составляет 76.5 м. Пространство включает 2 уютные спальни 10,8 м, 12,5 м, просторную кухню-гостиную 32,9 м и ванную комнату 7,9 54 337 952 ₽ –10% 48 904 155 ₽ от 195 177 ₽ в месяц Показать телефон Позвоните мне вчера',639270.0,0.0,0.0,0.091
yandex,Москва,46469980,42.1,1,8,20,Аэропорт,7,https://realty.yandex.ru/offer/2424701442161968703/,'+ 19 42,1 м² · 1-комнатная квартира · 8 этаж из 20 Аэропорт 10 мин. Авторская коллекция резиденций «МУЗА» , 1 квартал 2029 Продается 1-комнатная квартира без отделки, в корпусе 1 общей площадью 42,10 кв.м. на 8 этаже. Всего в МУЗЕ 309 лотов площадью от 37 до 250 м, большинство  с балконами и террасами. Высота потолков  от 3,5 до 4,65 м. Эксклюзивные форматы:  Пентхаусы Мангазея 46 469 980 ₽ от 166 937 ₽ в месяц Показать телефон Позвоните мне вчера',1103800.0,0.0,0.0,0.4
yandex,Москва,127979952,255.5,3,4,19,Сретенский бульвар,10,https://realty.yandex.ru/offer/7035929554499435284/,'последнее предложение + 8 255,5 м² · 3-комнатные апартаменты · 4 этаж из 19 Сретенский бульвар 6 мин. ЖК RED7 , 2 квартал 2024 "RED7" - комплекс премиум-класса в самом сердце исторической Москвы, где каждая деталь продумана до мелочей. Продаются 3-к апартаменты площадью 255.5 кв.м. на 4-м этаже 19 этажного дома в RED7, расположенного в самом центре Москвы, на первой линии ГК Основа 127 979 952 ₽ от 536 346 ₽ в месяц Показать телефон Позвоните мне 30 декабря 2025',500900.01,0.0,0.0,0.211
yandex,Москва,50125336,62.3,2,5,56,Проспект Вернадского,10,https://realty.yandex.ru/offer/4054499470659061328/,'+ 14 62,3 м² · 2-комнатная квартира · 5 этаж из 56 Проспект Вернадского 19 мин. ЖК «Айс Тауэрс» , 4 квартал 2028 Беспроцентная рассрочка от застройщика. Выгода до 25%. Продается 2-комнатная квартира на 5 этаже, 62.3 кв.м. площади в жилом комплексе «Айс Тауэрс», который расположен в Западном административном округе Москвы. Архитектура комплекса отличается 50 125 336 ₽ от 214 998 ₽ в месяц Показать телефон Позвоните мне 30 января 2026',804580.03,0.0,0.0,0.089
yandex,Москва,33416360,45.2,1,15,22,Спартак,10,https://realty.yandex.ru/offer/5069942217286245291/,'+ 25 45,2 м² · 1-комнатная квартира · 15 этаж из 22 Спартак 12 мин. ЖК «Клубный город на реке Примавера» , 4 квартал 2028 Клубный город на реке «Примавера»  это современный жилой комплекс премиум-класса, расположенный на первой береговой линии Москвы-реки в экологически чистом районе Покровское-Стрешнево. Под панорамными окнами квартир находится собственный экопарк с СЗ «Спартак» 33 416 360 ₽ от 140 043 ₽ в месяц Показать телефон вчера',739300.0,0.0,0.0,0.682
yandex,Москва,23171200,52.2,2,6,30,Новопеределкино,10,https://realty.yandex.ru/offer/5534563072480059153/,'+ 5 52,2 м² · 2-комнатная квартира · 6 этаж из 30 Новопеределкино 5 мин. ЖК «Родина Переделкино» , 4 квартал 2027 Продаётся 2-комнатная квартира площадью 52.2 м на 6 этаже в Жилом Комплексе "Родина Переделкино". Первый в России киберспортивный кластер от Группы Родина. Это жилой квартал бизнес-класса на Западе Москвы на границе с Ульяновским лесопарком, Группа Родина 23 171 200 ₽ от 83 135 ₽ в месяц Показать телефон Позвоните мне 20 мая 2026',443892.72,0.0,0.0,0.2
yandex,Москва,33950000,97.2,3,16,24,Крылатское,13,https://realty.yandex.ru/offer/3938452234512208999/,'3D-тур + 24 97,2 м² · 3-комнатная квартира · 16 этаж из 24 Крылатское 17 мин. МФК «Крылатский» , 4 квартал 2017 Id 388981. Успейте приобрести квартиру для семьи с прекрасными закатами ! Квартира в ЖК "Крылатский", в современном монолитном доме 2017 года постройки, с подземным паркингом с лифтом. Паркинг тоже продается. Из подъезда выход прямо в парк. Из окон с ОГРК, агентство 33 950 000 ₽ 349 280 ₽ за м² хорошая цена Показать телефон вчера',349279.84,0.0,0.0,0.667
yandex,Москва,96000000,130.0,4,9,11,,10,https://realty.yandex.ru/offer/7053956913383219697/,'+ 17 130 м² · 4-комнатная квартира · 9 этаж из 11 Улица 1905 года 15 мин. Большой Тишинский переулок , 38с1 Арт. 135648060 СПЕЦИАЛЬНО для наших клиентов ставка на ипотеку от банков партнеров от 11,9 % Продается семейная 4-х комнатная квартира, расположенная на 9 этаже. Дом находится на закрытой, охраняемой территории с большим наземным и подземным 96 000 000 ₽ 738 405 ₽ за м² хорошая цена торг Показать телефон Написать вчера',738461.54,0.0,0.0,0.818
yandex,Москва,56500000,125.0,3,5,30,Щукинская,10,https://realty.yandex.ru/offer/3937530341867268358/,'+ 10 125 м² · 3-комнатная квартира · 5 этаж из 30 Щукинская 19 мин. ЖК «Зодиак» , 1 квартал 2011 Квартира с двумя спальнями общей площадью 125 м в комплексе бизнес-класса «Зодиак». Планировка включает большую гостиную с обеденной зоной и открытой кухней, мастер-спальню с гардеробной комнатой, большую детскую комнату, два санузла с ванной и 56 500 000 ₽ 452 000 ₽ за м² Показать телефон Написать вчера',452000.0,0.0,0.0,0.167
yandex,Москва,21605232,41.4,2,2,29,Угрешская,10,https://realty.yandex.ru/offer/7053956913528297239/,'+ 5 41,4 м² · 2-комнатная квартира · 2 этаж из 29 Угрешская 5 мин. ЖК «Метрополия» , 1 квартал 2024 Арт. 135125509 Продаётся 2Е-комнатная квартира общей площадью 40.50 м, на 24 этаже. Корпус сдан. Подчистовая отделка white box. Вы экономите на стоимости ремонта. Качественный монолитный дом бизнес-класса от известного застройщика. Пол: стяжка в 21 605 232 ₽ 521 865 ₽ за м² Показать телефон Написать вчера',521865.51,0.0,0.0,0.069
yandex,Москва,135000000,160.6,4,12,17,Ломоносовский проспект,10,https://realty.yandex.ru/offer/4710675820643402236/,'3D-тур + 26 160,6 м² · 4-комнатная квартира · 12 этаж из 17 Ломоносовский проспект 4 мин. Квартал «Шуваловский Prima» , 4 квартал 2008 Код объекта: 2161956. Описание квартиры: Просторная видовая квартира в ЖК бизнес-класса, идеально подходящая для большой семьи. Квартира имеет продуманную планировку с разделением на личную и гостевую зоны, с просторной функциональной 135 000 000 ₽ 840 598 ₽ за м² Показать телефон вчера',840597.76,0.0,0.0,0.706
yandex,Москва,16000000,40.0,1,7,15,Калитники,10,https://realty.yandex.ru/offer/1599548388850964551/,'+ 15 40 м² · 1-комнатная квартира · 7 этаж из 15 Калитники 12 мин. Нижегородская улица , 76к1 Однокомнатная евроквартира 40 м, ЖК комфорт-класса, спальный район  40 квадратных метров, готовое жилье  Евроформат с лоджией  10 минут пешком до метро Нижегородская  Вид во двор из окна  Подземный паркинг, салоны красоты, магазины, аптеки, МФЦ 16 000 000 ₽ 400 000 ₽ за м² Показать телефон вчера',400000.0,0.0,0.0,0.467
yandex,Москва,30990000,64.1,3,3,34,Воронцовская,10,https://realty.yandex.ru/offer/7053956912668621211/,'+ 10 64,1 м² · 3-комнатная квартира · 3 этаж из 34 Воронцовская 6 мин. ЖК Ever , 4 квартал 2025 Арт. 136031212 Эту квартиру можно купить в ипотеку по ставке 11,9% только через нашу компанию. Есть объекты, которые покупают ради квадратных метров. А есть квартиры, которые берут на вырост  под свой ритм жизни, под свой вкус, под своё будущее. 30 990 000 ₽ 483 463 ₽ за м² хорошая цена онлайн показ торг Показать телефон Написать вчера',483463.34,0.0,0.0,0.088
yandex,Москва,94430000,126.8,3,17,19,Автозаводская,10,https://realty.yandex.ru/offer/3922755454797193572/,'последнее предложение + 26 126,8 м² · 3-комнатная квартира · 17 этаж из 19 Автозаводская 22 мин. Квартал Foriver , 4 квартал 2024 Квартира в рассрочку от девелопера. Первый взнос от 30%, максимальный срок рассрочки  9 месяцев. Подробные расчёты можно получить в доме продаж. Прямая продажа от застройщика. В жилом квартале, расположенном в Даниловском районе Москвы, продаётся 94 430 000 ₽ от 395 743 ₽ в месяц Показать телефон Позвоните мне 1 мая 2026',744716.09,0.0,0.0,0.895
yandex,Москва,16000000,30.1,1,7,8,Автозаводская,10,https://realty.yandex.ru/offer/8732305557538285167/,'3D-тур + 21 30,1 м² · 1-комнатная квартира · 7 этаж из 8 Автозаводская 8 мин. улица Трофимова , 4к2 Арт. 135808366 СВОБОДНАЯ ПРОДАЖА !! ЗАВОРАЖИВАЮЩИЙ ВИД !! Замечательная квартира в хорошем состоянии на 7 этаже кирпичного дома, много воздуха и ощущение свободы. Мебель и бытовая техника остаётся новым владельцам по договоренности. Туалетная комната 16 000 000 ₽ 531 561 ₽ за м² онлайн показ Показать телефон вчера',531561.46,0.0,0.0,0.875
yandex,Москва,24851700,47.7,2,2,29,Фонвизинская,10,https://realty.yandex.ru/offer/2765092096373674904/,'+ 26 47,7 м² · 2-комнатная квартира · 2 этаж из 29 Фонвизинская 17 мин. ЖК «ВЭРИ на Ботанической» , 4 квартал 2027 Продается 2-к квартира площадью 47.7 кв.м. на 2-м этаже 29 этажного дома в ЖК "ВЭРИ на Ботанической" от ГК ОСНОВА. Эко-квартал ВЭРИ на Ботанической находится в одном из самых зелёных районов Москвы, в Марфино, что обеспечит будущим жителям чистый и 24 851 700 ₽ от 104 150 ₽ в месяц Показать телефон Позвоните мне 17 мая 2026',521000.0,0.0,0.0,0.069
yandex,Москва,12990000,35.7,1,3,14,Перово,10,https://realty.yandex.ru/offer/7688784700263065284/,'3D-тур + 19 35,7 м² · 1-комнатная квартира · 3 этаж из 14 Перово 13 мин. улица Плеханова , 29к2 Внесен АВАНС Ваш новый дом в Перово! Уютная 1-комнатная квартира с мебелью и прекрасным видом! Ищете комфортное жилье в зеленом районе Москвы? Представляем вашему вниманию уютную 1-комнатную квартиру площадью 35.7 м на 3 этаже 14-этажного дома на 12 990 000 ₽ 363 866 ₽ за м² онлайн показ торг Показать телефон вчера',363865.55,0.0,0.0,0.214
yandex,Москва,42800000,96.5,3,27,32,Беговая,10,https://realty.yandex.ru/offer/7053956915984831270/,'3D-тур + 17 96,5 м² · 3-комнатная квартира · 27 этаж из 32 Беговая 6 мин. Дом на Беговой , 2 квартал 2011 Арт. 132886741 ВАЖНО! Данную квартиру можно купить по ставке по ипотеке 11.9%! К продаже предлагается большая, просторная, теплая, уютная, светлая и полностью готовая к проживанию квартира на высоком этаже с потрясающими панорамными видами на город. 42 800 000 ₽ 443 523 ₽ за м² онлайн показ Показать телефон Написать вчера',443523.32,0.0,0.0,0.844
yandex,Москва,28000000,80.6,3,26,43,Тушинская,10,https://realty.yandex.ru/offer/3394946439579839222/,'+ 26 80,6 м² · 3-комнатная квартира · 26 этаж из 43 Тушинская 22 мин. ЖК «Скай Гарден» , 4 квартал 2025 Код объекта: 2149238. Просторная распашонка с лучшим видом на реку, Москву и во двор! Зaкpытый двор, свoя набepежная, фонтaн во двopе (напpoтив корпуса). Комплекс бизнес класса. Расположение комплекса: Sky Garden расположен в районе 28 000 000 ₽ 347 395 ₽ за м² хорошая цена Показать телефон вчера',347394.54,0.0,0.0,0.605
yandex,Москва,50000000,70.0,3,2,8,Марксистская,10,https://realty.yandex.ru/offer/3937530341842369900/,'+ 3 70 м² · 3-комнатная квартира · 2 этаж из 8 Марксистская 13 мин. улица Земляной Вал , 52/16с1 Квартира с 2 спальнями общей площадью 70 м в доме «Земляной Вал, 52» на 2 этаже. Дизайн интерьера решён в современном европейском стиле с использованием качественных материалов. Квартира полностью меблирована, встроенная кухня укомплектована бытовой 50 000 000 ₽ 714 286 ₽ за м² Показать телефон Написать вчера',714285.71,0.0,0.0,0.25
yandex,Москва,34254170,73.7,3,15,23,Печатники,10,https://realty.yandex.ru/offer/7665459516033225964/,'3D-тур + 14 73,7 м² · 3-комнатная квартира · 15 этаж из 23 Печатники 9 мин. ЖК «Адмирал» , 3 квартал 2028 В динамично развивающемся районе Москвы, всего в 300 метрах от метро и в пешей близости от нового городского порта с протяженной набережной 13 км, свободной от автомобилей, продается 3-комнатная квартира площадью 73.70 м. без отделки. Квартира 39 921 700 ₽ –14% 34 254 170 ₽ от 191 241 ₽ в месяц Показать телефон 20 мая 2026',464778.43,0.0,0.0,0.652
yandex,Москва,39500000,76.4,3,10,10,Алексеевская,8,https://realty.yandex.ru/offer/7053956912637989150/,'+ 11 76,4 м² · 3-комнатная квартира · 10 этаж из 10 Алексеевская 5 мин. проспект Мира , 99 Арт. 136156972 Предлагается к продаже атмосферная и по-настоящему уютная квартира в красивом 10-этажном кирпичном доме, построенном в 1959 году по индивидуальному архитектурному проекту. Это не типовая застройка, а дом с характером, историей и 39 500 000 ₽ 517 016 ₽ за м² онлайн показ Показать телефон Написать вчера',517015.71,0.0,1.0,1.0
yandex,Москва,24500000,100.0,4,12,22,Борисово,10,https://realty.yandex.ru/offer/6443938158456700734/,'+ 26 100 м² · 4-комнатная квартира · 12 этаж из 22 Борисово 12 мин. улица Мусы Джалиля , 9к5 Код объекта: 2095173. 4-комнатная квартира 100 м с ремонтом, мебелью и техникой. Рядом 2 станции метро и выезд на МКАД. Большая площадь: 100 м. Комнат: 4 (изолированные, планировка удобная для семьи). Санузел: раздельный (ванна + туалет) 2 больших 24 500 000 ₽ 245 000 ₽ за м² Показать телефон вчера',245000.0,0.0,0.0,0.545
yandex,Москва,18500000,38.6,1,9,14,Домодедовская,10,https://realty.yandex.ru/offer/7324871951045111553/,'3D-тур 38,6 м² · 1-комнатная квартира · 9 этаж из 14 Домодедовская 17 мин. ЖК «Ясный» , 3 квартал 2018 Продается светлая, уютная квартира в ЖК Ясный. Развитая инфраструктура. Удобная транспортная доступность. do A.S.A.P., агентство 18 500 000 ₽ 479 275 ₽ за м² Показать телефон вчера',479274.61,0.0,0.0,0.643
yandex,Москва,57030480,93.6,3,22,24,Беломорская,17,https://realty.yandex.ru/offer/1964601956933897992/,'+ 10 93,6 м² · 3-комнатная квартира · 22 этаж из 24 Беломорская 18 мин. Мангазея на Речном , 3 квартал 2027 В продаже 3-к квартира площадью 93.60 м2. Функциональная планировка, кухня-гостиная, просторные санузел и гардеробная. Квартира расположена на 22-м этаже 24-этажного дома. Условия покупки: - Семейная ипотека от 3,5% на весь срок; - Ипотека 0,11% на Мангазея 57 030 480 ₽ от 204 874 ₽ в месяц Показать телефон Позвоните мне вчера',609300.0,0.0,0.0,0.917
yandex,Москва,31605240,40.2,1,31,42,Тульская,5,https://realty.yandex.ru/offer/1865857074462924507/,'+ 10 40,2 м² · 1-комнатная квартира · 31 этаж из 42 Тульская 8 мин. ЖК «АУРА» , 4 квартал 2027 1-комнатная квартира площадью 40.20 м2. Высота потолков  3.16 м. Этаж 31 из 42. Вид из окон - на воду. О проекте АУРА новая премиальная доминанта Москвы в 10 минутах от Садового кольца. Проект состоит из 42-этажной Бронзовой башни и 41-этажной Мангазея 31 605 240 ₽ от 113 537 ₽ в месяц Показать телефон Позвоните мне вчера',786200.0,0.0,0.0,0.738
yandex,Москва,32179100,41.5,1,31,42,Тульская,5,https://realty.yandex.ru/offer/6449812415299723112/,'+ 10 41,5 м² · 1-комнатная квартира · 31 этаж из 42 Тульская 8 мин. ЖК «АУРА» , 4 квартал 2027 1-комнатная квартира площадью 41.50 м2. Высота потолков  3.16 м. Этаж 31 из 42. Вид из окон - на город. О проекте АУРА новая премиальная доминанта Москвы в 10 минутах от Садового кольца. Проект состоит из 42-этажной Бронзовой башни и 41-этажной Мангазея 32 179 100 ₽ от 115 599 ₽ в месяц Показать телефон Позвоните мне вчера',775400.0,0.0,0.0,0.738
yandex,Москва,35500000,66.6,3,19,54,Мичуринский проспект,10,https://realty.yandex.ru/offer/5180127926973756034/,'+ 13 66,6 м² · 3-комнатная квартира · 19 этаж из 54 Мичуринский проспект 14 мин. ЖК Левел Мичуринский , 4 квартал 2025 Id 63124. Продается трехкомнатная квартира 66.6 м2 в ЖК Бизнес класса "Level Мичуринский"! О квартире: Планировка включает в себя: кухню и гостиную, которую можно совместить и получится большая зона отдыха для всей семьи. 1 изолированная комната - 35 500 000 ₽ 533 033 ₽ за м² Показать телефон вчера',533033.03,0.0,0.0,0.352
yandex,Москва,83788768,120.4,4,2,24,Павелецкая,3,https://realty.yandex.ru/offer/7066283097187197745/,'последнее предложение + 14 120,4 м² · 4-комнатная квартира · 2 этаж из 24 Павелецкая 13 мин. ЖК HIGH LIFE , 2 квартал 2025 Продажа от застройщика PIONEER. Готовая 4-комнатная квартира площадью 120.40 м на 2 этаже 24-этажной башни в премиальном комплексе HIGH LIFE, вблизи исторического Замоскворечья. Жилой комплекс всего в 5 минутах от Садового кольца. Архитектура от бюро 104 735 960 ₽ –20% 83 788 768 ₽ от 395 156 ₽ в месяц Показать телефон Позвоните мне вчера',695920.0,0.0,0.0,0.083
yandex,Москва,17800000,52.3,2,13,18,Бунинская аллея,10,https://realty.yandex.ru/offer/8756510270006094704/,'+ 10 52,3 м² · 2-комнатная квартира · 13 этаж из 18 Бунинская аллея 17 мин. ЖК «Бунинские Кварталы» , 2 квартал 2026 Арт. 134806605 ПОКУПАТЕЛЮ НА ДАННУЮ КВАРТИРУ СТАВКА 11,9% ПО ИПОТЕКЕ на весь срок! ПО ПЕРЕУСТУПКЕ 2 комнатная квартира сдается в июне 2026 года. Дом монолитный комфорт класса с подземным паркингом и закрытой территорией. Площадь общая: 52.3 кв.м. , Самолет Плюс Подольск , агентство 17 800 000 ₽ 340 344 ₽ за м² торг Показать телефон вчера',340344.17,0.0,0.0,0.722
yandex,Москва,31579200,43.0,1,12,42,Тульская,5,https://realty.yandex.ru/offer/2185899199643379659/,'+ 10 43 м² · 1-комнатная квартира · 12 этаж из 42 Тульская 8 мин. ЖК «АУРА» , 4 квартал 2027 1-комнатная квартира площадью 43.00 м2. Высота потолков  3.48 м. Этаж 12 из 42. О проекте АУРА новая премиальная доминанта Москвы в 10 минутах от Садового кольца. Проект состоит из 42-этажной Бронзовой башни и 41-этажной Серебряной. Рядом набережная Мангазея 31 579 200 ₽ от 113 444 ₽ в месяц Показать телефон Позвоните мне 18 мая 2026',734400.0,0.0,0.0,0.286
yandex,Москва,30917092,64.2,2,17,25,Давыдково,11,https://realty.yandex.ru/offer/8455007912620206373/,'+ 12 64,2 м² · 2-комнатная квартира · 17 этаж из 25 Давыдково 21 мин. ЖК «Веер» , 4 квартал 2029 Старт продаж новой очереди! Продаётся 2-комнатная квартира общей площадью 64.15 м без отделки в ЖК Веер на 17-м этаже 70 этажного дома. ВЕЕР.2  это вторая очередь жилого комплекса бизнес-класса в престижном ЗАО, где реализована концепция 15-минутного 36 373 048 ₽ –15% 30 917 092 ₽ от 130 665 ₽ в месяц Показать телефон Позвоните мне вчера',481574.64,0.0,0.0,0.68
yandex,Москва,51000000,100.0,2,7,23,Крылатское,13,https://realty.yandex.ru/offer/3938452234512213892/,'+ 26 100 м² · 2-комнатная квартира · 7 этаж из 23 Крылатское 12 мин. улица Крылатские Холмы , 15к2 Id 388456. Просторная двухкомнатная квартира с дизайнерским ремонтом в престижном Крылатском. Предлагается к продаже уникальная двухкомнатная квартира площадью 91,2 кв. м + две просторные застекленные лоджии на 7 этаже 23-этажного ОГРК, агентство 51 000 000 ₽ 510 000 ₽ за м² хорошая цена Показать телефон вчера',510000.0,0.0,0.0,0.304
yandex,Москва,15703050,46.5,2,3,35,Ростокино,10,https://realty.yandex.ru/offer/6172858407745809109/,'последнее предложение + 14 46,5 м² · 2-комнатные апартаменты · 3 этаж из 35 Ростокино 1 мин. МИРАПОЛИС , 4 квартал 2026 Продаются 2-к апартаменты площадью 46.5 кв.м. на 3-м этаже 33 этажного дома «Мираполис» от ГК ОСНОВА. МИРАПОЛИС  проект для тех, кому важно, чтобы рядом было всё для работы, отдыха и жизни. Проект состоит из четырех башен с авторскими стеклянными ГК Основа 15 703 050 ₽ от 65 809 ₽ в месяц Показать телефон Позвоните мне 27 апреля 2023',337700.0,0.0,0.0,0.086
yandex,Москва,26500000,63.2,2,6,29,Кожуховская,8,https://realty.yandex.ru/offer/3938452234512187017/,'+ 2 63,2 м² · 2-комнатная квартира · 6 этаж из 29 Кожуховская 9 мин. ЖК Левел Южнопортовая , 1 квартал 2026 Id 389144. Готовая квартира в ультрасовременном ЖК! Ключи от квартиры уже в конце апреля 2026 года. Представляем к продаже светлую и просторную двухкомнатную квартиру площадью 63,2 кв.м. в уже построенном корпусе жилого комплекса Level Южнопортовая 26 500 000 ₽ 419 304 ₽ за м² хорошая цена Показать телефон вчера',419303.8,0.0,0.0,0.207
yandex,Москва,29304000,88.0,3,20,22,Рассказовка,10,https://realty.yandex.ru/offer/662754148721255466/,'3D-тур + 55 88 м² · 3-комнатная квартира · 20 этаж из 22 Рассказовка 21 мин. ЖК «Рассказово» , 3 квартал 2024 Продается 3-комнатная квартира в ЖК Рассказово на 20 этаже. Общая площадь квартиры составляет 88 кв.м. Квартира без отделки. Уникальность комплекса в его архитектуре  все дома построены в стиле Москвы 30-х годов, создавая неповторимое ощущение 29 304 000 ₽ от 122 809 ₽ в месяц хорошая цена Показать телефон Позвоните мне 13 февраля 2026',333000.0,0.0,0.0,0.909
yandex,Москва,45000000,94.4,4,7,28,Технопарк,8,https://realty.yandex.ru/offer/7053956916163192868/,'+ 1 94,4 м² · 4-комнатная квартира · 7 этаж из 28 Технопарк 14 мин. Квартал «Шагал» , 4 квартал 2023 Арт. 132212443 Продается квартира в ЖК Shagal. 3 спальни и просторная кухня-гостинная. Без ремонта. Премиальный квартал у Москвы-реки с продуманной средой: набережная с променадом, 4 км парковой зоны, подземный паркинг. Дворы без машин, 45 000 000 ₽ 476 695 ₽ за м² хорошая цена Показать телефон Написать вчера',476694.92,0.0,0.0,0.25
yandex,Москва,45496000,85.0,3,4,37,Шелепиха,6,https://realty.yandex.ru/offer/5180127926972777958/,'+ 18 85 м² · 3-комнатная квартира · 4 этаж из 37 Шелепиха 16 мин. Квартал «Сердце Столицы» , 2 квартал 2018 Id 51699. Продаётся ВИДОВАЯ трёхкомнатная квартира с обзором во двор в ЖК бизнес класса "Сердце Столицы"! ШИКАРНЫЙ ВИД ВО ДВОР Ключи на руках! Общая площадь 82,4 м. Квартира без отделки для любых воплощений дизайна. Самая высокая транспортная Estateliga, агентство 45 496 000 ₽ 535 247 ₽ за м² хорошая цена Показать телефон вчера',535247.06,0.0,0.0,0.108
yandex,Москва,28000000,74.1,3,3,17,Молодёжная,10,https://realty.yandex.ru/offer/6443962674201904504/,'+ 19 74,1 м² · 3-комнатная квартира · 3 этаж из 17 Молодёжная 14 мин. Рублёвское шоссе , 28к3 Код объекта: 2166631. Вашему вниманию предлагается квартира в одном из престижных районов Москвы. Состояние квартиры: простой, спокойный ремонт, без изысков, но все по-домашнему уютно и идеально чисто. Можно заехать и жить. Отличная планировка: 28 000 000 ₽ 377 868 ₽ за м² онлайн показ Показать телефон вчера',377867.75,0.0,0.0,0.176
yandex,Москва,29890000,80.0,3,6,20,Бибирево,10,https://realty.yandex.ru/offer/7053956914208901380/,'3D-тур + 26 80 м² · 3-комнатные апартаменты · 6 этаж из 20 Бибирево 8 мин. Сити-комплекс «Барбарис» , 4 квартал 2019 Арт. 134896630 Эксклюзивное предложение: ипотека от 13,90%! Уникальные 3-комнатные апартаменты 80 м (жилая 41 м, кухня 25 м) на 6-м этаже 20-этажного монолитного дома 2019 г. на Бибиревской ул., 4А. Въезжай и живи: евроремонт, мебель, техника, теплый 29 890 000 ₽ 373 625 ₽ за м² онлайн показ торг Показать телефон Написать вчера',373625.0,0.0,0.0,0.3
yandex,Москва,60000000,74.8,3,6,36,Хорошёво,9,https://realty.yandex.ru/offer/7035113340557150085/,'+ 14 74,8 м² · 3-комнатная квартира · 6 этаж из 36 Хорошёво 9 мин. ЖК «Freedom» , 4 квартал 2021 Номер лота: 97887. FreeDOM - ПРОСТРАНСТВО СТАТУСА И СЕМЕЙНОГО ВДОХНОВЕНИЯ Просторная светлая 3-комнатная квартира в ЖК FreeDOM. Продается с дизайнерским ремонтом и мебелью. Это не просто бизнес-класс от «Донстрой». Это Ваш билет в самое вдохновляющее 60 000 000 ₽ 802 139 ₽ за м² Показать телефон вчера',802139.04,0.0,0.0,0.167
yandex,Москва,31015440,74.7,3,16,18,Верхние Лихоборы,10,https://realty.yandex.ru/offer/4017216401909817449/,'3D-тур + 25 74,7 м² · 3-комнатная квартира · 16 этаж из 18 Верхние Лихоборы 14 мин. Онежский вал , 4 квартал 2028 В районе Западное Дегунино продаётся 3-комнатная квартира квартира площадью 74.7 на 16 этаже 18 этажного дома (корпус 1.1.3, секция 3) в проекте ПИК «Онежский вал». Удобное расположение 10 минут пешком до станции метро «Селигерская» и 15 минут до МЦД 31 015 440 ₽ от 111 419 ₽ в месяц Показать телефон Позвоните мне 19 мая 2026',415200.0,0.0,0.0,0.889
yandex,Москва,20300000,56.7,3,7,10,Поклонная,10,https://realty.yandex.ru/offer/7053956914183227396/,'+ 1 56,7 м² · 3-комнатная квартира · 7 этаж из 10 Поклонная 14 мин. 3 , 3 Арт. 134960001 Описание объекта Можно купить в ипотеку от 11,9% годовых + полное ипотечное и юридическое сопровождение! О квартире: 3-х комнатная квартира распашонка дом кирпичный, новые лифты хорошие соседи с/у раздельный два балкона - во двор и на 20 300 000 ₽ 358 025 ₽ за м² хорошая цена торг Показать телефон Написать вчера',358024.69,0.0,0.0,0.7
yandex,Москва,70000000,217.4,5,16,17,Раменки,10,https://realty.yandex.ru/offer/4035986349850883616/,'+ 23 217,4 м² · 5-комнатная квартира · 16 этаж из 17 Раменки 6 мин. Мичуринский проспект , 19к1 Номер объекта: 561070. ID: 561070 Просторная 5-комнатная квартира площадью 217.4 кв.м. в жилом комплексе Газпрома «Мичуринский 19». Дом построен в 1998 году по индивидуальному проекту, состоит из 3 корпусов и расположен в районе Раменки - одном из 70 000 000 ₽ 321 987 ₽ за м² торг Показать телефон Написать вчера',321987.12,0.0,0.0,0.941
yandex,Москва,145235416,73.7,3,18,23,Технопарк,8,https://realty.yandex.ru/offer/7039313831604118114/,'+ 18 73,7 м² · 3-комнатная квартира · 18 этаж из 23 Технопарк 8 мин. ЖК Dream Towers , 4 квартал 2023 Рассрочка 0% от застройщика. Ключи в день покупки. ЖК Dream Towers  проект премиум-класса в окружении парков и набережной, с полностью готовой инфраструктурой для комфортной жизни и отдыха. Продаётся 3-квартира на 18 этаже 24-этажного дома (1 45 235 416 ₽ от 216 940 ₽ в месяц Показать телефон Позвоните мне 10 мая 2026',1970629.8,0.0,0.0,0.783
yandex,Москва,15900000,54.0,3,4,5,Балтийская,10,https://realty.yandex.ru/offer/4621190957118549774/,'+ 10 54 м² · 3-комнатная квартира · 4 этаж из 5 Балтийская 8 мин. Ленинградское шоссе , 36к1 Код объекта: 2094703. Уникальное предложение в одном из самых удобных районов Москвы! Продаётся трёхкомнатная квартира по адресу Ленинградское шоссе, 36к1. Квартира расположена на 4 этаже пятиэтажного кирпичного дома 1959 года постройки. Здесь вас 15 900 000 ₽ 294 444 ₽ за м² онлайн показ Показать телефон Написать вчера',294444.44,0.0,0.0,0.8
yandex,Москва,22000000,74.8,3,7,17,Пятницкое шоссе,10,https://realty.yandex.ru/offer/3394919229551159478/,'+ 27 74,8 м² · 3-комнатная квартира · 7 этаж из 17 Пятницкое шоссе 4 мин. Пятницкое шоссе , 37 Код объекта: 2093880. Уникальное предложение на рынке недвижимости Москвы: продаётся просторная трёхкомнатная квартира на Пятницком шоссе, 37. Квартира расположена на 7 этаже 17-этажного панельного дома 1992 года постройки. Общая площадь  78,4 кв. м, 22 000 000 ₽ 294 118 ₽ за м² онлайн показ Показать телефон вчера',294117.65,0.0,0.0,0.412
yandex,Москва,39000000,86.0,3,2,30,Шелепиха,6,https://realty.yandex.ru/offer/7567888441305039874/,'+ 11 86 м² · 3-комнатная квартира · 2 этаж из 30 Шелепиха 4 мин. ЖК Headliner , 4 квартал 2019 Лот №f4667. Трехкомнатная квартира в новом жилом комплексе Headliner. Общая площадь квартиры 86.4 кв. м. С отделкой. Высота потолков 3 м. Планируется три комнаты, два с/у. Приятные виды из окон. Квартира расположена в 2 корпусе (1 очередь Аврора Проперти, агентство 39 000 000 ₽ 453 488 ₽ за м² Показать телефон Написать вчера',453488.37,0.0,0.0,0.067
yandex,Москва,31988692,44.0,1,20,24,ВДНХ,10,https://realty.yandex.ru/offer/2818002077330938747/,'+ 16 44 м² · 1-комнатная квартира · 20 этаж из 24 ВДНХ 14 мин. ЖК «МИРА» , 3 квартал 2027 Продажа квартиры в доме премиум-класса МИРА рядом с ВДНХ, в культовой столичной локации, которая играет особую роль в жизни нескольких поколений москвичей. 1-комнатная квартира площадью 43.99 м расположена в корпусе 3, на 20 этаже 24 этажного дома. MR Group 35 152 408 ₽ –9% 31 988 692 ₽ от 126 280 ₽ в месяц Показать телефон Позвоните мне вчера',727015.73,0.0,0.0,0.833
yandex,Москва,45000000,104.0,4,13,16,Зорге,10,https://realty.yandex.ru/offer/5180127926973704143/,'104 м² · 4-комнатная квартира · 13 этаж из 16 Зорге 13 мин. ЖК «Дом на Зорге» , 2 квартал 2026 Id 61927. Переуступка прав. 4-комнатная квартира 104 м ЖК «Дом на Зорге» (А101) Локация: Хорошево-Мневники, м. «Зорге» (пешая доступность) Жилой комплекс: «Дом на Зорге» от застройщика А101  проект премиум-класса с полной инфраструктурой внутри 45 000 000 ₽ 432 692 ₽ за м² Показать телефон вчера',432692.31,0.0,0.0,0.812
yandex,Москва,90000000,117.0,3,17,21,Шелепиха,6,https://realty.yandex.ru/offer/5180127926973760094/,+ 16 117 м² · 3-комнатная квартира · 17 этаж из 21 Шелепиха 18 мин. Квартал «Сердце Столицы» Id 63593. Продается Эксклюзивная евро -3 комнатная квартира в жк сердце столицы! Оперативный показ ! Звоните и записывайтесь на просмотр В квартире сделан ремонт из высококачественных материалов с дизайнером О жилом комплексе «Сердце Столицы»: ЖК 90 000 000 ₽ 769 231 ₽ за м² Показать телефон вчера,769230.77,0.0,0.0,0.81
yandex,Москва,27500000,59.6,2,20,24,Аминьевская,12,https://realty.yandex.ru/offer/7053956914301285222/,'+ 2 59,6 м² · 2-комнатная квартира · 20 этаж из 24 Аминьевская 9 мин. Очаковское шоссе , 7 Арт. 134525422 ВЫГОДНЫЕ УСЛОВИЯ ДЛЯ ПОКУПКИ В ИПОТЕКУ от 11.9 % вместо 19% ТОЛЬКО ДЛЯ НАШИХ КЛИЕНТОВ! Продаётся 2комнатная квартира в Москве  ваш идеальный выбор для комфортной жизни! Ключевые преимущества:Год постройки: 2025 (новая застройка). Этаж: 27 500 000 ₽ 461 409 ₽ за м² Показать телефон Написать вчера',461409.4,0.0,0.0,0.833
yandex,Москва,28000000,49.1,2,19,32,Шелепиха,6,https://realty.yandex.ru/offer/5180127926973759816/,'+ 10 49,1 м² · 2-комнатная квартира · 19 этаж из 32 Шелепиха 13 мин. ЖК Левел Причальный , 4 квартал 2023 Id 63504. ПРОДАЕТСЯ СВЕТЛАЯ ЕВРОДВУШКА В ЖК БИЗНЕС КЛАССА «LEVEL ПРИЧАЛЬНЫЙ» Квартира без отделки. На набережной Москвы-реки продается 2-комнатная квартира площадью 49.1 кв.м. Квартира расположена на 19 этаже "Bосток" в жилом комплексе бизнес-класса 28 000 000 ₽ 570 265 ₽ за м² хорошая цена Показать телефон вчера',570264.77,0.0,0.0,0.594
yandex,Москва,24900000,82.5,3,5,31,Бульвар Рокоссовского,10,https://realty.yandex.ru/offer/5180127926973700323/,'+ 7 82,5 м² · 3-комнатная квартира · 5 этаж из 31 Бульвар Рокоссовского 22 мин. Квартал «Метроном» , 3 квартал 2026 Id 61530. Продается Просторная квартира с ОТЛИЧНОЙ планировкой в проекте от ТОПового застройщика "Брусника". Архитектура, в которую влюбляешься: авторские фасады, дизайнерские подъезды с мягкими зонами и закрытые зеленые дворы-парки без машин. Здесь 24 900 000 ₽ 301 818 ₽ за м² Показать телефон вчера',301818.18,0.0,0.0,0.161
yandex,Москва,25990000,76.5,3,6,22,Ховрино,10,https://realty.yandex.ru/offer/4406248727828425650/,'+ 8 76,5 м² · 3-комнатная квартира · 6 этаж из 22 Ховрино 9 мин. Зеленоградская улица , 33к7 Код объекта: 2170076. Уникальное предложение в одном из самых востребованных и зеленых районов Москвы! В продаже полноценная трехкомнатная просторная квартира, с изолированными комнатами! О квартире и доме: В квартире удачная и эргономичная 25 990 000 ₽ 339 739 ₽ за м² Показать телефон вчера',339738.56,0.0,0.0,0.273
yandex,Москва,65000000,84.3,3,32,40,ЗИЛ,7,https://realty.yandex.ru/offer/5180127926973704105/,'+ 12 84,3 м² · 3-комнатная квартира · 32 этаж из 40 ЗИЛ 12 мин. ЖК «ЗИЛАРТ» , 3 квартал 2023 Id 61910. Продаётся квартира в жилом комплексе БИЗНЕС класса "ЗИЛарт". Квартира очень светлая за счет большого количество окон и высоты этажа! Окна выходят на 3 стороны света! Квартира без отделки, что позволяет Вам свободно воплотить собственные 65 000 000 ₽ 771 056 ₽ за м² Показать телефон вчера',771055.75,0.0,0.0,0.8
yandex,Москва,17000000,49.0,3,5,21,Калитники,10,https://realty.yandex.ru/offer/5180127926973731234/,'+ 9 49 м² · 3-комнатные апартаменты · 5 этаж из 21 Калитники 8 мин. Апарт-комплекс N’ICE LOFT , 2 квартал 2025 Id 62684. Лучшее предложение в комплексе! Видовые апартаменты в ЖК «Nice Loft»  стиль, свет и панорама города Продаются двухкомнатные апартаменты площадью 49м жилого комплекса Nice Loft. Это не просто квартира  это идеальное пространство для тех, кто 17 000 000 ₽ 346 939 ₽ за м² Показать телефон вчера',346938.78,0.0,0.0,0.238
yandex,Москва,55100000,73.2,2,28,29,Шелепиха,6,https://realty.yandex.ru/offer/3938452234512212069/,'3D-тур + 13 73,2 м² · 2-комнатная квартира · 28 этаж из 29 Шелепиха 18 мин. ЖК «Береговой» Id 388620. Роскошная квартира у набережной в ЖК бизнес-класса "Береговой" - места, где желали бы проживать многие. Вы покупаете просторную квартиру с дизайнерским ремонтом и мебелью премиум-класса, она полностью готова заселению. Вы получаете большую 55 100 000 ₽ 752 732 ₽ за м² Показать телефон вчера',752732.24,0.0,0.0,0.966
yandex,Москва,26990000,46.9,2,5,28,Технопарк,8,https://realty.yandex.ru/offer/7053956916157557528/,'+ 17 46,9 м² · 2-комнатная квартира · 5 этаж из 28 Технопарк 14 мин. Квартал «Шагал» , 4 квартал 2023 Арт. 132275958 Продается просторная квартира в ЖК Шагал  для семьи, которая ценит пространство, вид и природу! Представьте: ваш семейное будущее в Одном из трёх бизнес домов, где можно воплотить любые мечты о дизайне. Здесь нет тесных студий  только 26 990 000 ₽ 575 480 ₽ за м² Показать телефон Написать вчера',575479.74,0.0,0.0,0.179
yandex,Москва,27450000,75.0,3,2,14,Молодёжная,10,https://realty.yandex.ru/offer/3961344737878226047/,'3D-тур + 27 75 м² · 3-комнатная квартира · 2 этаж из 14 Молодёжная 15 мин. Рублёвское шоссе , 18к1 Продается просторная и светлая трехкомнатная квартира по адресу: Рублевское шоссе, д. 18, корп. 1. Идеальный вариант для семьи, которая ценит комфорт, чистый воздух и развитую инфраструктуру престижного Западного округа. Почему эта квартира вам do A.S.A.P., агентство 27 450 000 ₽ 366 000 ₽ за м² Показать телефон вчера',366000.0,0.0,0.0,0.143
yandex,Москва,15239550,35.9,1,28,35,Ростокино,10,https://realty.yandex.ru/offer/6172858407777334470/,'+ 14 35,9 м² · 1-комнатные апартаменты · 28 этаж из 35 Ростокино 1 мин. МИРАПОЛИС , 4 квартал 2026 Продаются 1-к апартаменты площадью 35.9 кв.м. на 28-м этаже 33 этажного дома «Мираполис» от ГК ОСНОВА. МИРАПОЛИС  проект для тех, кому важно, чтобы рядом было всё для работы, отдыха и жизни. Проект состоит из четырех башен с авторскими стеклянными ГК Основа 15 239 550 ₽ от 63 867 ₽ в месяц Показать телефон Позвоните мне вчера',424500.0,0.0,0.0,0.8
yandex,Москва,29842650,42.3,1,2,10,,10,https://realty.yandex.ru/offer/3090563721340062995/,'последнее предложение 42,3 м² · 1-комнатная квартира · 2 этаж из 10 Москва , микрорайон Рублёво-Архангельское , ЖК СберCити , квартал В17 Район СберСити , 4 квартал 2026 В продаже  однокомнатная квартира, общей площадью 42,3 кв. м. Квартира расположена на втором этаже десятиэтажного дома класса Оптимум в квартале В17 нового района СберСити, который строит Сбер. Всего в доме  55 квартир. Квартал В17  современная СберСити 29 842 650 ₽ от 120 815 ₽ в месяц Показать телефон Позвоните мне вчера',705500.0,0.0,0.0,0.2
yandex,Москва,21700000,53.3,2,18,21,Яхромская,10,https://realty.yandex.ru/offer/7053956913379728533/,'+ 26 53,3 м² · 2-комнатная квартира · 18 этаж из 21 Яхромская 7 мин. ЖК «Город» , 4 квартал 2018 Арт. 135681616 Продается эксклюзивная евро 2-комнатная квартира в ЖК "Город" 2019 г постройки в 400 м. от метро "Яхромская". Дизайнерский ремонт с мебелью выполненной под заказ и качественной техникой - заезжай и живи!!! Основные 21 700 000 ₽ 407 129 ₽ за м² хорошая цена Показать телефон Написать вчера',407129.46,0.0,0.0,0.857
yandex,Москва,63000000,113.0,4,4,7,Медведково,10,https://realty.yandex.ru/offer/6443938025596251134/,'+ 26 113 м² · 4-комнатная квартира · 4 этаж из 7 Медведково 16 мин. ЖК «Таежный» , 3 квартал 2014 Код объекта: 2095149. Уникальное предложение, аналогов которому сейчас нет на рынке. - Продается квартира в охраняемом ЖК бизнес класса «Таежный, в клубном доме - где всего 21 квартира. - ЖК расположен в парковой зоне, славится исключительной 63 000 000 ₽ 557 522 ₽ за м² онлайн показ Показать телефон вчера',557522.12,0.0,0.0,0.571
yandex,Москва,15290000,71.8,3,13,17,Крюково,10,https://realty.yandex.ru/offer/2664110958804135631/,'+ 16 71,8 м² · 3-комнатная квартира · 13 этаж из 17 Зеленоград—Крюково 14 мин. ЖК «Первый Андреевский» , 3 квартал 2019 Арт. 129910289 Просторная, светлая 3-х комнатная квартира с мебелью в современном ЖК "1-й Андреевский". КВАРТИРА: общая площадь 71,8м2 без учета лоджий ( 75,2м2 с лоджиями) . Комнаты изолированные : детская комната 11,1м2+ застекленная лоджия 4,8 м2, 15 290 000 ₽ 212 953 ₽ за м² онлайн показ торг Показать телефон вчера',212952.65,0.0,0.0,0.765
yandex,Москва,16700000,40.0,2,3,5,Водный стадион,11,https://realty.yandex.ru/offer/7053956915103850728/,'+ 9 40 м² · 2-комнатная квартира · 3 этаж из 5 Водный стадион 4 мин. улица Адмирала Макарова , 37к2 Арт. 133814886 Данную квартиру можно купить по ставке 11.90%! Продается 2-х комнатная квартира, расположенная по адресу: Москва, САО, р-н Войковский, ул. Адмирала Макарова, 37К2 Площадь квартиры составляет 40 м, располагается на 3/5 этажей. Квартира 16 700 000 ₽ 417 500 ₽ за м² Показать телефон Написать вчера',417500.0,0.0,0.0,0.6
yandex,Москва,52500000,109.1,4,39,46,Калужская,10,https://realty.yandex.ru/offer/2406947403730185472/,'3D-тур + 26 109,1 м² · 4-комнатная квартира · 39 этаж из 46 Калужская 14 мин. ЖК «Архитектор» , 4 квартал 2024 ПОДРОБНЫЙ 3D-ТУР ПРИКРЕПЛЕН К ОБЪЯВЛЕНИЮ! Все детализировано и наглядно с видами из окон. Правильная геометрия комнат. Очень функциональная с 4-мя полноценными комнатами квартира (НЕ ЕВРО-4) и готовым чистовым ремонтом без мебели. В наличии также 52 500 000 ₽ 481 210 ₽ за м² хорошая цена торг Показать телефон вчера',481209.9,0.0,0.0,0.848
yandex,Москва,49800000,83.0,2,27,29,Ломоносовский проспект,10,https://realty.yandex.ru/offer/1681841905408216065/,'+ 26 83 м² · 2-комнатные апартаменты · 27 этаж из 29 Ломоносовский проспект 14 мин. Многофункциональный комплекс «Мосфильмовская» , 1 квартал 2018 Апартаменты в самом лучшем районе Москвы, с самым лучшим видом на самое красивое здание Москвы. Через дорогу от от ЖК "Снегири Эко", где живут Тимати, Бузова и Киркоров, граничит с ЖК "Ключи", где живет Медведев, Мартиросян и др. 8 минут ходьбы до Петр 49 800 000 ₽ 600 000 ₽ за м² онлайн показ Показать телефон Написать в чат вчера',600000.0,0.0,0.0,0.931
yandex,Москва,16040520,61.2,2,13,20,Новодачная,18,https://realty.yandex.ru/offer/6277030519058828576/,'3D-тур + 11 61,2 м² · 2-комнатные апартаменты · 13 этаж из 20 Новодачная 10 мин. ФизтехСити , 4 квартал 2024 Продаётся лот в "ФИЗТЕХСИТИ" от ГК ОСНОВА. "ФизтехСити" состоит из двух 20-этажных секций, объединенных двухэтажным основанием, и включает 488 лотов с панорамным остеклением. В кластере собственный подземный паркинг и гостевые парковки, на первых ГК Основа 16 040 520 ₽ от 67 224 ₽ в месяц хорошая цена Показать телефон Позвоните мне 1 апреля 2024',262100.0,0.0,0.0,0.65
yandex,Москва,26500000,52.5,2,4,17,Прокшино,10,https://realty.yandex.ru/offer/4406225831092208329/,'+ 26 52,5 м² · 2-комнатная квартира · 4 этаж из 17 Прокшино 14 мин. ЖК «Прокшино» , 3 квартал 2023 Код объекта: 2137996. Продаётся 2-к квартира в ЖК Прокшино, 52.5 м. Дизайнерский ремонт  заезжай и живи! Локация: Новая Москва, ЖК Прокшино. 10 мин пешком до метро Прокшино, удобный выезд на Киевское и Филатовское шоссе.  О квартире:  Евроформат 26 500 000 ₽ 504 762 ₽ за м² онлайн показ Показать телефон вчера',504761.9,0.0,0.0,0.235
yandex,Москва,16000000,58.9,3,9,9,Лихоборы,10,https://realty.yandex.ru/offer/8596275660790467675/,'+ 26 58,9 м² · 3-комнатная квартира · 9 этаж из 9 Лихоборы 9 мин. Большая Академическая улица , 73к1 Под авансом до 10 мая ! Продается уютная, светлая , чистая 3-х.комнатная квартира. Квартира расположена на 9 этаже. Комнаты изолированные . Из комнаты есть выход на застекленную лоджию. Развитая инфраструктура. В шаговой доступности магазины, школы, 16 000 000 ₽ 271 647 ₽ за м² хорошая цена Показать телефон вчера',271646.86,0.0,1.0,1.0
yandex,Москва,22421490,55.9,2,11,45,Медведково,10,https://realty.yandex.ru/offer/4017216401077869981/,'3D-тур + 8 55,9 м² · 2-комнатная квартира · 11 этаж из 45 Медведково 18 мин. Полар , 2 квартал 2027 В районе Северное Медведково продаётся 2-комнатная квартира квартира площадью 55.9 на 11 этаже 53 этажного дома (корпус 1.4, секция 1) в проекте ПИК «Полар». Удобное расположение 17 минут пешком до станции метро «Медведково». 8 минут на автомобиле до 22 421 490 ₽ от 93 965 ₽ в месяц Показать телефон Позвоните мне 15 мая 2026',401100.0,0.0,0.0,0.244
yandex,Москва,24067820,83.9,3,3,21,Пятницкое шоссе,10,https://realty.yandex.ru/offer/4017216401935888169/,'+ 4 83,9 м² · 3-комнатная квартира · 3 этаж из 21 Пятницкое шоссе 12 мин. Квартал Мит , 2 квартал 2029 В районе Митино продаётся 3-комнатная квартира квартира площадью 83.86 на 3 этаже 17 этажного дома (корпус 3.6, секция 8) в проекте ПИК «Митинский лес». Удобное расположение 20 минут пешком до станции метро «Пятницкое шоссе». 8 минут на автомобиле до 24 067 820 ₽ от 86 460 ₽ в месяц Показать телефон Позвоните мне вчера',286863.17,0.0,0.0,0.143
yandex,Москва,19990000,57.2,2,3,8,Авиамоторная,10,https://realty.yandex.ru/offer/7053956913410921386/,'+ 23 57,2 м² · 2-комнатная квартира · 3 этаж из 8 Авиамоторная 3 мин. шоссе Энтузиастов , 20 Арт. 135558494 Эту квартиру можно купить в ипотеку по ставке 11,9% только через нашу компанию. Есть дома, которые со временем теряют характер. А есть настоящие сталинки  с высотой потолков, ощущением пространства и архитектурой, которую до сих пор 19 990 000 ₽ 349 476 ₽ за м² Показать телефон Написать вчера',349475.52,0.0,0.0,0.375
yandex,Москва,34617240,72.3,3,31,31,Озёрная,10,https://realty.yandex.ru/offer/4017216401909995267/,'3D-тур + 25 72,3 м² · 3-комнатная квартира · 31 этаж из 31 Озёрная 9 мин. Мичуринский парк , 1 квартал 2028 В районе Очаково-Матвеевское продаётся 3-комнатная квартира квартира площадью 72.3 на 31 этаже 31 этажного дома (корпус, секция) в проекте ПИК «Мичуринский парк». Удобное расположение 7 минут пешком до станции метро «Озёрная». 3 минуты на автомобиле 34 617 240 ₽ от 145 076 ₽ в месяц Показать телефон Позвоните мне 19 мая 2026',478800.0,0.0,1.0,1.0
yandex,Москва,24990000,60.0,2,2,5,Новые Черёмушки,10,https://realty.yandex.ru/offer/3938452234512212996/,'3D-тур + 16 60 м² · 2-комнатные апартаменты · 2 этаж из 5 Новые Черёмушки 10 мин. Клубный дом «VIVALDI» , 3 квартал 2019 Id 388533. Успейте приобрести полностью готовый к проживанию апартамент в шикарной локации Москвы! Данное предложение отлично подойдет для молодой семьи, даже если у вас есть ребенок. Здесь уже все готово для комфортной и уютной жизни: выполнен 24 990 000 ₽ 416 500 ₽ за м² хорошая цена Показать телефон вчера',416500.0,0.0,0.0,0.4
yandex,Москва,173300000,78.0,2,80,82,Выставочная,5,https://realty.yandex.ru/offer/3876560805550614426/,'+ 5 78 м² · 2-комнатная квартира · 80 этаж из 82 Выставочная 9 мин. ЖК «АУРУС Резиденции» , 4 квартал 2031 АУРУС Резиденции призван стать символом единства инженерной мощи и эстетики премиум-класса, ведь его авторы  автомобильный бренд, чей аутентичный дизайн, бескомпромиссная безопасность и эталонный комфорт завоевали признание в России и мире, и ведущий 173 300 000 ₽ от 726 276 ₽ в месяц Показать телефон Позвоните мне 14 мая 2026',2221794.87,0.0,0.0,0.976
yandex,Москва,82235344,90.2,2,9,20,Аэропорт,7,https://realty.yandex.ru/offer/7786032004587247447/,'+ 19 90,2 м² · 2-комнатная квартира · 9 этаж из 20 Аэропорт 10 мин. Авторская коллекция резиденций «МУЗА» , 1 квартал 2029 Продается 2-комнатная квартира без отделки, в корпусе 2 общей площадью 90,20 кв.м. на 9 этаже. Всего в МУЗЕ 309 лотов площадью от 37 до 250 м, большинство  с балконами и террасами. Высота потолков  от 3,5 до 4,65 м. Эксклюзивные форматы:  Пентхаусы Мангазея 82 235 344 ₽ от 295 419 ₽ в месяц Показать телефон Позвоните мне вчера',911700.04,0.0,0.0,0.45
yandex,Москва,16303650,61.5,2,15,20,Новодачная,18,https://realty.yandex.ru/offer/6277030519058827867/,'+ 11 61,5 м² · 2-комнатные апартаменты · 15 этаж из 20 Новодачная 10 мин. ФизтехСити , 4 квартал 2024 Продаётся лот в "ФИЗТЕХСИТИ" от ГК ОСНОВА. "ФизтехСити" состоит из двух 20-этажных секций, объединенных двухэтажным основанием, и включает 488 лотов с панорамным остеклением. В кластере собственный подземный паркинг и гостевые парковки, на первых ГК Основа 16 303 650 ₽ от 68 326 ₽ в месяц хорошая цена Показать телефон Позвоните мне вчера',265100.0,0.0,0.0,0.75
yandex,Москва,18900000,50.4,3,17,23,Волгоградский проспект,10,https://realty.yandex.ru/offer/5180127926973703396/,'50,4 м² · 3-комнатные апартаменты · 17 этаж из 23 Волгоградский проспект 9 мин. Апарт-комплекс HighWay , 2 квартал 2025 Id 61894. Евро-трёшка в жилом комплексе «HighWay». Об апартаменте: - Видовая евро-трешка с пятью панорамными окнами. - Высокий этаж, за счет чего вечером открывается прекрасный вид. - В данный момент в апартаментах идут ремонтные работы: возведены 18 900 000 ₽ 375 000 ₽ за м² хорошая цена Показать телефон вчера',375000.0,0.0,0.0,0.739
yandex,Москва,22000000,62.3,3,5,5,Рижская,10,https://realty.yandex.ru/offer/3938452234512210951/,'3D-тур + 15 62,3 м² · 3-комнатная квартира · 5 этаж из 5 Рижская 3 мин. проспект Мира , 78А Id 388772. Семейная квартира в ЦАО Мещанский район, в историческом кирпичном доме в 2 минутах от метро Рижская ЦАО. Ключевое преимущество  локация: всего 2 минуты пешком до станции метро «Рижская», БКЛ и МЦД-2 и МЦД-4, что обеспечивает идеальную 22 000 000 ₽ 353 130 ₽ за м² Показать телефон вчера',353130.02,0.0,1.0,1.0
yandex,Москва,35900000,75.5,3,14,27,Технопарк,8,https://realty.yandex.ru/offer/5180127926973728108/,'+ 11 75,5 м² · 3-комнатная квартира · 14 этаж из 27 Технопарк 18 мин. Квартал «Шагал» , 1 квартал 2026 Id 62309. Продается Евро-трехкомнатная квартира С ВИДОМ НА РЕКУ в новом ЖК бизнес-класса !!! Просторная кухня-гостиная, 2 спальни, 2 санузла, гардероб. В одном из самых лучших жилых комплексов Москвы. 2 корпус. Квартира без отделки для любых 35 900 000 ₽ 475 497 ₽ за м² Показать телефон вчера',475496.69,0.0,0.0,0.519
yandex,Москва,22500000,44.0,2,2,9,Достоевская,10,https://realty.yandex.ru/offer/5226080894684748186/,'+ 14 44 м² · 2-комнатная квартира · 2 этаж из 9 Достоевская 9 мин. Октябрьская улица , 11 Продается просторная 2х комнатная квартира в историческом центре Москвы! Один собственник с 2016 года. Без обременений. Свободная продажа. БАЛКОНА НЕТ. Светлая квартира с хорошим ремонтом. Продажа с мебелью и техникой. Въезд во двор и к дому 22 500 000 ₽ 511 364 ₽ за м² хорошая цена онлайн показ Показать телефон Написать вчера',511363.64,0.0,0.0,0.222
yandex,Москва,15500000,64.3,2,4,17,Корниловская,10,https://realty.yandex.ru/offer/8596275685845825865/,'+ 10 64,3 м² · 2-комнатная квартира · 4 этаж из 17 Корниловская 24 мин. ЖК «Форевиль» , 2 квартал 2026 Есть рассрочка от собственника! Корпус Aurora. Секция 2. ЖК комфорт-класса. Причины, по которым хочется купить именно эту квартиру: -увеличенные окна; -вид на 2 стороны; -отдельная гардеробная; -комфортный для проживания этаж. Форевиль  это город в 15 500 000 ₽ 241 058 ₽ за м² торг Показать телефон вчера',241057.54,0.0,0.0,0.235
yandex,Москва,26000000,51.3,2,15,17,Свиблово,10,https://realty.yandex.ru/offer/8596275685758866868/,'+ 10 51,3 м² · 2-комнатная квартира · 15 этаж из 17 Свиблово 7 мин. Снежная улица , 17к2 Продается светлая и уютная 2-комнатная квартира с прекрасными видовыми характеристиками в 2 минутах пешком от метро «Свиблово». Дом серии П-44Т, расположен в тихом и зеленом районе с развитой инфраструктурой, не пафосный , уютный и комфортный для Аякс, агентство 26 000 000 ₽ 506 823 ₽ за м² Показать телефон вчера',506822.61,0.0,0.0,0.882
yandex,Москва,17903330,49.9,2,17,18,Шоссе Энтузиастов,10,https://realty.yandex.ru/offer/6301626192686254140/,'+ 15 49,9 м² · 2-комнатные апартаменты · 17 этаж из 18 Шоссе Энтузиастов 7 мин. ЭВОПАРК Измайлово , 3 квартал 2026 Продаются 2-к апартаменты площадью 49.87 кв.м. на 17-м этаже 18 этажного дома в ЭВОПАРК Измайлово от ГК ОСНОВА. "ЭВОПАРК Измайлово" - это 18-ти этажный дом с подземным паркингом. С комфортом спуститься с жилых этажей или из лобби к автомобилю в ГК Основа 17 903 330 ₽ от 75 030 ₽ в месяц Показать телефон Позвоните мне 28 июля 2025',358784.17,0.0,0.0,0.944
yandex,Москва,17003800,64.9,2,15,20,Новодачная,18,https://realty.yandex.ru/offer/6277030519089357848/,'3D-тур + 11 64,9 м² · 2-комнатные апартаменты · 15 этаж из 20 Новодачная 10 мин. ФизтехСити , 4 квартал 2024 Продаётся лот в "ФИЗТЕХСИТИ" от ГК ОСНОВА. "ФизтехСити" состоит из двух 20-этажных секций, объединенных двухэтажным основанием, и включает 488 лотов с панорамным остеклением. В кластере собственный подземный паркинг и гостевые парковки, на первых ГК Основа 17 003 800 ₽ от 71 261 ₽ в месяц хорошая цена Показать телефон Позвоните мне 11 марта 2026',262000.0,0.0,0.0,0.75
yandex,Москва,38000000,44.6,2,13,26,Белорусская,10,https://realty.yandex.ru/offer/7053956993232683746/,'+ 2 44,6 м² · 2-комнатная квартира · 13 этаж из 26 Белорусская 14 мин. ЖК «РЕПАБЛИК» , 2 квартал 2026 Арт. 108718964 На данную квартиру , действует специальное предложение: ИПОТЕКА ОТ БАНКА-ПАРТНЕРА ПО СТАВКЕ 12.25%! Квартира в ЖК Republic (Пресненский район) Тип: 2-комнатная евроформат Площадь: 41.98 м Этаж: 13, корпус 2.2 Отделка: Предчистовая 38 000 000 ₽ 852 400 ₽ за м² Показать телефон Написать вчера',852017.94,0.0,0.0,0.5
yandex,Москва,51000000,72.3,3,20,20,Терехово,11,https://realty.yandex.ru/offer/4728441677484011465/,'+ 10 72,3 м² · 3-комнатная квартира · 20 этаж из 20 Терехово 7 мин. ЖК «Остров» , 4 квартал 2026 id: 551206 ВИДОВАЯ 3-КОМНАТНАЯ КВАРТИРА С ПОТОЛКАМИ 3.9 м В ЖК «ОСТРОВ-8». Предлагается к продаже стильная и просторная квартира в одном из самых престижных проектов Москвы  ЖК «Остров». Лот расположен на 20 этаже, рядом с пентхаусами, что 51 000 000 ₽ 705 394 ₽ за м² Показать телефон Написать вчера',705394.19,0.0,1.0,1.0
yandex,Москва,7499000,26.7,1,3,23,Филатов Луг,24,https://realty.yandex.ru/offer/9137391779080850962/,'+ 12 26,7 м² · 1-комнатная квартира · 3 этаж из 23 Филатов Луг 22 мин. ЖК «Детали» , 3 квартал 2026 Арт. 134953392 Продается однокомнатная квартира в ЖК "Детали"  ваш шанс на комфортную жизнь! Престижный и экологически чистый район  юго-западный округ! Сдача дома: 2026 год. Расположение: поселок Марьино, в пешей доступности от парка Марьино и 7 499 000 ₽ 280 861 ₽ за м² Показать телефон Написать вчера',280861.42,0.0,0.0,0.13
yandex,Москва,14950000,40.0,1,11,17,Люблино,10,https://realty.yandex.ru/offer/3394922392837526581/,'3D-тур + 12 40 м² · 1-комнатная квартира · 11 этаж из 17 Люблино 13 мин. улица Верхние Поля , 42к1 Код объекта: 2125243. Ищете комфортное жильё в развитом районе Москвы? Предлагаем вашему вниманию просторную однокомнатную квартиру с мебелью и техникой. Косметический ремонт позволит сразу заселиться и наслаждаться новым домом без дополнительных 14 950 000 ₽ 373 750 ₽ за м² онлайн показ Показать телефон вчера',373750.0,0.0,0.0,0.647
yandex,Москва,17500000,81.9,3,8,14,Щербинка,10,https://realty.yandex.ru/offer/7053956913522874163/,'+ 7 81,9 м² · 3-комнатная квартира · 8 этаж из 14 Щербинка 12 мин. ЖК «Остафьево» , 4 квартал 2024 Арт. 135181657 КВАРТИРА С ОТДЕЛКОЙ И МЕБЕЛЬЮ! (см. фото с описанием) Полноценная 3-комнатная квартира в строящемся ЖК "Остафьево" от ГК Самолет. Идеально подойдет для большой семьи, как для жизни, так и для сдачи в аренду. Жилой комплекс расположен в 17 500 000 ₽ 213 675 ₽ за м² хорошая цена Показать телефон Написать вчера',213675.21,0.0,0.0,0.571
yandex,Москва,41000000,110.0,5,2,25,Чертановская,10,https://realty.yandex.ru/offer/3961344737878247058/,'3D-тур + 19 110 м² · 5-комнатная квартира · 2 этаж из 25 Чертановская 12 мин. Москва , ЮАО, , микрорайон Северное Чертаново , 7кА Вашему внимания предлагается функциональная квартира в одном из самых экологически чистых районах Москвы, в непосредственной близости к Битцевскому парку. В монолитном доме 1983 года постройки. В квартире 5 комнат, из них 3 отдельные спальни, 41 000 000 ₽ 372 727 ₽ за м² Показать телефон вчера',372727.27,0.0,0.0,0.08
yandex,Москва,30400000,60.5,2,15,28,Останкино,10,https://realty.yandex.ru/offer/5180127926973704322/,'+ 3 60,5 м² · 2-комнатная квартира · 15 этаж из 28 Останкино 4 мин. Дом «Достижение» , 1 квартал 2025 Id 61980. ОПЕРАТИВНЫЙ ПОКАЗ! БЫСТРЫЙ ВЫХОД НА СДЕЛКУ Продается двухкомнатная квартира в ЖК "Дом Достижение" Квартира без обременений, 1 взрослый собственник, никто не прописан, брали от застройщика, свободная продажа. О ЖИЛОМ КОМПЛЕКСЕ: "Достижение" 30 400 000 ₽ 502 479 ₽ за м² хорошая цена Показать телефон вчера',502479.34,0.0,0.0,0.536
yandex,Москва,16580000,43.6,2,4,9,Народное Ополчение,9,https://realty.yandex.ru/offer/2664110980081135724/,'+ 18 43,6 м² · 2-комнатная квартира · 4 этаж из 9 Народное Ополчение 8 мин. улица Демьяна Бедного , 17к1 Арт. 132870210 Продаётся двухкомнатная квартира на улице Демьяна Бедного, дом 17, корпус 1. Просторная и уютная квартира общей площадью 43кв.м.( без балкона) 43.6кв.м. (с балконом) балкон не застеклён, расположена на 4 этаже девятиэтажного кирпичного 16 580 000 ₽ 380 275 ₽ за м² торг Показать телефон вчера',380275.23,0.0,0.0,0.444
yandex,Москва,32542576,49.5,1,2,23,ВДНХ,10,https://realty.yandex.ru/offer/7857042947971151406/,'+ 16 49,5 м² · 1-комнатная квартира · 2 этаж из 23 ВДНХ 16 мин. ЖК «МИРА» , 3 квартал 2027 Продажа квартиры в доме премиум-класса МИРА рядом с ВДНХ, в культовой столичной локации, которая играет особую роль в жизни нескольких поколений москвичей. 1-комнатная квартира площадью 49.51 м расположена в корпусе 2, на 2 этаже 23 этажного дома. MR Group 35 761 072 ₽ –9% 32 542 576 ₽ от 128 467 ₽ в месяц Показать телефон Позвоните мне вчера',657425.78,0.0,0.0,0.087
yandex,Москва,77000000,111.0,3,16,23,Технопарк,8,https://realty.yandex.ru/offer/5179313443541955400/,'+ 15 111 м² · 3-комнатная квартира · 16 этаж из 23 Технопарк 9 мин. ЖК Dream Towers , 4 квартал 2023 Просторная 3-комнатная квартира площадью 111 м с дизайнерской отделкой в премиальном ЖК Dream Towers. Планировка: кухня-столовая-гостиная, две спальни, два санузла, удобная прихожая и гардеробная. Всё готово к заселению: выполнен новый дизайнерский Contact Real Estate, агентство 77 000 000 ₽ 693 694 ₽ за м² Показать телефон Написать вчера',693693.69,0.0,0.0,0.696
yandex,Москва,24500000,85.9,3,5,5,Войковская,10,https://realty.yandex.ru/offer/4621189222102590491/,'+ 26 85,9 м² · 3-комнатная квартира · 5 этаж из 5 Войковская 17 мин. 6-й Новоподмосковный переулок , 10 Код объекта: 2068437. Просторная 3-комнатная квартира под ремонт на 5-ом этаже сталинского дома. Линейная планировка, есть балкон, раздельный санузел, большая ванная. Дом расположен в глубине дворов, вдалеке от дорог. Уютный обжитой район, развитая 24 500 000 ₽ 285 215 ₽ за м² онлайн показ Показать телефон Написать вчера',285215.37,0.0,1.0,1.0
yandex,Москва,15250000,43.0,2,3,9,Нижегородская,10,https://realty.yandex.ru/offer/4199159748177362322/,'+ 13 43 м² · 2-комнатная квартира · 3 этаж из 9 Нижегородская 11 мин. Нижегородская улица , 49А Арт. 128684193 Аванс до 27.05 Свободная продажа, полная стоимость в Договоре купли-продажи. Без обременений. Ипотека возможна. Чистый подъезд, новый лифт. Самая выгодная транспортная развязка: до Центра 10 минут на машине, до Третьего транспортного 15 250 000 ₽ 354 651 ₽ за м² хорошая цена онлайн показ торг Показать телефон вчера',354651.16,0.0,0.0,0.333
yandex,Москва,51940000,145.9,4,5,6,Проспект Мира,10,https://realty.yandex.ru/offer/3938452234512186116/,'3D-тур + 24 145,9 м² · 4-комнатная квартира · 5 этаж из 6 Проспект Мира 8 мин. Орлово-Давыдовский переулок , 2/5к3 Id 389226. Вид из окон на дворец с парком ! Рассмотрим ваше предложение. Выгодное расположение в одном из самых тихих и озелененных уголков центра. Просторная двухуровневая квартира, общей площадью 145,9 кв. м. На первом уровне (90 кв. м) расположены 51 940 000 ₽ 355 997 ₽ за м² Показать телефон вчера',355997.26,0.0,0.0,0.833
yandex,Москва,19000000,39.9,1,49,53,Трикотажная,10,https://realty.yandex.ru/offer/7053956915103023281/,'+ 3 39,9 м² · 1-комнатная квартира · 49 этаж из 53 Трикотажная 8 мин. ЖК «Сити Бэй» Арт. 133821191 В продаже квартира в корпусе №2 квартала Атлантик. Ваш личный берег в сердце Москвы  квартира 39,87 м с предчистовой отделкой в City Bay Представьте: вы просыпаетесь утром, открываете окно  и перед вами не бетонные стены, а тихая гладь 19 000 000 ₽ 476 549 ₽ за м² хорошая цена Показать телефон Написать вчера',476190.48,0.0,0.0,0.925
yandex,Москва,12500000,58.4,2,12,24,Аннино,10,https://realty.yandex.ru/offer/5227772176694049307/,'+ 19 58,4 м² · 2-комнатная квартира · 12 этаж из 24 Аннино 14 мин. ЖК «Южная Битца» , 4 квартал 2020 Номер в базе: 52904. Представляю Вашему вниманию 2-х ком. кв-ру 58,4 кв.м. с дизайнерским ремонтом в современном жилом комплексе "Южная Битца".Преимущества квартиры:- просторная кухня 13 кв.м. - мечта хозяйки;- 2 большие изолированные комнаты 12 500 000 ₽ 214 041 ₽ за м² Показать телефон вчера',214041.1,0.0,0.0,0.5
yandex,Москва,67000000,102.2,4,3,15,Ботанический сад,10,https://realty.yandex.ru/offer/5180127926973758014/,'+ 26 102,2 м² · 4-комнатная квартира · 3 этаж из 15 Ботанический сад 5 мин. ЖК «LIFE-Ботанический cад» , 4 квартал 2017 Id 63340. Ждем Вас на просмотр! Продаётся просторная, уютная и светлая четырёхкомнатная квартира распашонка с большой кухней-гостиной в ЖК "LIFE-Ботанический сад" от застройщика Pioneer! Если мы посмотрим из окна, то насладимся спокойным видом на 67 000 000 ₽ 655 577 ₽ за м² Показать телефон вчера',655577.3,0.0,0.0,0.2
yandex,Москва,27000000,55.0,2,7,19,Славянский бульвар,10,https://realty.yandex.ru/offer/7053956913353840001/,'+ 4 55 м² · 2-комнатная квартира · 7 этаж из 19 Славянский бульвар 9 мин. Кастанаевская улица , 55к1 Арт. 135752664 Уютная 2комнатная квартира ждёт новых хозяев! Светлая, стильная, с евроремонтом  она готова стать вашим домом прямо сейчас. Здесь всё продумано для комфорта:просторная гостиная и уютная спальня в светлых тонах; оборудованная кухня 27 000 000 ₽ 490 909 ₽ за м² Показать телефон Написать вчера',490909.09,0.0,0.0,0.368
yandex,Москва,11200000,57.4,2,10,25,Бутово,10,https://realty.yandex.ru/offer/7567809128794233319/,'+ 22 57,4 м² · 2-комнатная квартира · 10 этаж из 25 Бутово 11 мин. Бутово парк 2 , 3 квартал 2016 ЖК "Бутово Парк 2". Просторная двухкомнатная квартира в доме типовой серии КОПЭ (башня), 2014 года постройки. Квартира светлая (юго-западная сторона), комнаты изолированы. Лоджия застекленная из кухни. В квартире остается кухонный гарнитур со 11 200 000 ₽ 195 122 ₽ за м² Показать телефон Написать вчера',195121.95,0.0,0.0,0.4
yandex,Москва,24500000,71.0,3,15,68,Кожуховская,8,https://realty.yandex.ru/offer/5180127926973757956/,'+ 1 71 м² · 3-комнатная квартира · 15 этаж из 68 Кожуховская 7 мин. ЖК Левел Южнопортовая , 2 квартал 2026 Id 63324. Просторная евро-3 квартира с видом на реку в самой высокой башне ЖК «Level Южнопортовая» Предлагаем к продаже по договору уступки прав современную квартиру площадью 70 м строящегося небоскреба. Это уникальный шанс стать владельцем не просто 24 500 000 ₽ 345 070 ₽ за м² Показать телефон вчера',345070.42,0.0,0.0,0.221
yandex,Москва,12500000,37.7,2,1,12,Царицыно,10,https://realty.yandex.ru/offer/5180127926973757921/,'+ 7 37,7 м² · 2-комнатная квартира · 1 этаж из 12 Царицыно 18 мин. Севанская улица , 21к1 Id 63310. Просторная двухкомнатная квартира в уютном районе Москвы с отличной транспортной доступностью Представляем вашему вниманию уютную и светлую двухкомнатную квартиру площадью 37.7 кв. м в надежном блочном доме на первом этаже. Это идеальное 12 500 000 ₽ 331 565 ₽ за м² Показать телефон вчера',331564.99,1.0,0.0,0.083
yandex,Москва,48500000,88.1,3,13,22,Октябрьское поле,10,https://realty.yandex.ru/offer/7053956916018079825/,'+ 26 88,1 м² · 3-комнатная квартира · 13 этаж из 22 Октябрьское поле 6 мин. ЖК «Эльсинор» , 4 квартал 2006 Арт. 132736580 На продаже евро 3 комнатная квартира в ЖК Эльсинор! Удобная планировка: просторная кухня гостиная, мастерспальня, детская комната и большая гардеробная с гостевым санузлом. Из окон открывается вид на Триумф Палас, ВЭБ арену и городской 48 500 000 ₽ 550 511 ₽ за м² Показать телефон Написать вчера',550510.78,0.0,0.0,0.591
yandex,Москва,13500000,42.5,2,31,33,Строгино,10,https://realty.yandex.ru/offer/9137391778396344357/,'+ 6 42,5 м² · 2-комнатные апартаменты · 31 этаж из 33 Строгино 18 мин. ЖК «Скай Спутник» , 2 квартал 2019 Арт. 135229219 Предлагаем вашему вниманию светлую квартиру с великолепным видом на огни Москвы. Если вы ищете жилье, которое будет отвечать всем критериям удобной жизни, то это объявление именно для вас! Квартира находится в новом районе Московской 13 500 000 ₽ 317 647 ₽ за м² Показать телефон Написать вчера',317647.06,0.0,0.0,0.939
yandex,Москва,97000000,111.9,4,6,16,Смоленская,2,https://realty.yandex.ru/offer/4805508911744495198/,'+ 13 111,9 м² · 4-комнатная квартира · 6 этаж из 16 Смоленская 9 мин. ЖК «Смоленская Застава» , 4 квартал 2007 Лот: 20427. Квартира в жилом комплексе премиум-класса "Смоленская Застава" в Хамовниках. Все коммуникации уже разведены: стяжка пола, выравненные стены, разводка электричества и водоснабжения. Просторное светлое пространство с предчистовой отделкой 97 000 000 ₽ 866 845 ₽ за м² хорошая цена Показать телефон Написать вчера',866845.4,0.0,0.0,0.375
yandex,Москва,59900000,111.0,3,4,12,Гражданская,10,https://realty.yandex.ru/offer/5179235881932726208/,'+ 15 111 м² · 3-комнатная квартира · 4 этаж из 12 Гражданская 7 мин. Клубный дом «Юннаты» , 4 квартал 2016 ОН 23101. ПРЕДЛАГАЕТСЯ ВАШЕМУ ВНИМАНИЮ ТРЁХ-КОМНАТНАЯ КВАРТИРА В КЛУБНОМ ДОМЕ "ЖК ЮННАТЫ". Клубный дом "Юннаты" один из первых жилых комплексов бизнес-класса, появившихся в Савёловском районе Москвы. Это предложение, актуально для тех, кто ценит 59 900 000 ₽ 539 640 ₽ за м² Показать телефон Написать вчера',539639.64,0.0,0.0,0.333
yandex,Москва,135000000,179.0,6,3,16,Новослободская,10,https://realty.yandex.ru/offer/5228488638887060958/,'+ 20 179 м² · 6-комнатная квартира · 3 этаж из 16 Новослободская 4 мин. Дом на Чаянова , 4 квартал 2010 Лот: 115017. На продажу предлагается шестикомнатная квартира, площадью 179 кв.м., в жилом комплексе "Дом на Чаянова" в центре Москвы. Планировка: просторная кухня-гостиная, пять спален, два совмещенных санузла, постирочная, кладовая, прихожая. Высота Point Estate, агентство 135 000 000 ₽ 754 190 ₽ за м² хорошая цена Показать телефон Написать вчера',754189.94,0.0,0.0,0.188
yandex,Москва,211197120,140.3,2,17,18,Киевская,10,https://realty.yandex.ru/offer/6343225744522727206/,'+ 17 140,3 м² · 2-комнатная квартира · 17 этаж из 18 Киевская 16 мин. ЖК «Бадаевский» , 4 квартал 2026 Продаётся двухкомнатная квартира в жилом комплексе «Бадаевский»  формат для тех, кто выбирает больше свободы и личного пространства, не покидая центр Москвы. Атмосфера света, открытых видов и архитектуры вокруг формирует ощущение жизни на высоте. Capital Group 211 197 120 ₽ от 757 747 ₽ в месяц Показать телефон Позвоните мне вчера',1505325.16,0.0,0.0,0.944
yandex,Москва,48589255,84.3,3,26,29,Печатники,10,https://realty.yandex.ru/offer/3939908807157623105/,'+ 12 84,3 м² · 3-комнатная квартира · 26 этаж из 29 Печатники 19 мин. ЖК «ПОРТЛЕНД» , 1 квартал 2028 Цены указаны с условием 100% оплаты и стандартной ипотеки. Продаётся 3-к. квартира, 26 этаж в жилом комплексе бизнес-класса ПОРТЛЕНД от девелопера FORMA. ЖК расположен на берегу Москвы-реки в северной части района Печатники в акватории Южного речного 57 163 832 ₽ –15% 48 589 255 ₽ от 205 353 ₽ в месяц Показать телефон Позвоните мне 9 мая 2026',576384.99,0.0,0.0,0.897
yandex,Москва,28844569,64.9,3,23,32,Нагатинская,8,https://realty.yandex.ru/offer/5226951667114210473/,'+ 11 64,9 м² · 3-комнатная квартира · 23 этаж из 32 Нагатинская 16 мин. ЖК «Гранель Коломенское» , 2 квартал 2027 Продается 3-к квартира на 23-м этаже 32-этажного нового дома в корпусе 1 в ЖК «Гранель Коломенское». 31 761 436 ₽ –9% 28 844 569 ₽ от 133 108 ₽ в месяц Показать телефон Позвоните мне 30 апреля 2026',444446.36,0.0,0.0,0.719
yandex,Москва,13200000,37.8,1,4,17,Солнцево,10,https://realty.yandex.ru/offer/9137391781916986834/,'+ 6 37,8 м² · 1-комнатная квартира · 4 этаж из 17 Солнцево 16 мин. Квартал «Солнцево» , 2 квартал 2015 Арт. 131333094 Уютная однокомнатная квартира без обременений. 13 200 000 ₽ 349 206 ₽ за м² хорошая цена Показать телефон Написать вчера',349206.35,0.0,0.0,0.235
yandex,Москва,25394580,66.6,3,32,32,Грачёвская,10,https://realty.yandex.ru/offer/4017216401910054723/,'3D-тур + 9 66,6 м² · 3-комнатная квартира · 32 этаж из 32 Грачёвская 14 мин. Бусиновский парк , 4 квартал 2026 В районе Западное Дегунино (САО) продаётся 3-комнатная квартира квартира площадью 66.6 на 32 этаже 32 этажного дома (корпус, секция) в проекте ПИК «Бусиновский парк». Удобное расположение: 20 минут пешком до станций метро «Ховрино» и 15 минут от МЦД 25 394 580 ₽ от 106 425 ₽ в месяц Показать телефон Позвоните мне 13 мая 2026',381300.0,0.0,1.0,1.0
yandex,Москва,35000000,64.9,3,5,12,Шелепиха,6,https://realty.yandex.ru/offer/7389299065599316119/,'+ 26 64,9 м² · 3-комнатная квартира · 5 этаж из 12 Шелепиха 7 мин. Шелепихинская набережная , 20 Арт. 133301950 Уважаемый будущий владелец! Вашему вниманию представляется великолепная трехкомнатная квартира с видом на реку Москву. Квартира расположена на 5 этаже 12ти этажного дома. В квартире только что завершен капитальный ремонт, так что Вы 35 000 000 ₽ 539 291 ₽ за м² Показать телефон Написать вчера',539291.22,0.0,0.0,0.417
yandex,Москва,22977560,37.5,1,17,19,Курьяново,10,https://realty.yandex.ru/offer/7063903531186240125/,'+ 13 37,5 м² · 1-комнатная квартира · 17 этаж из 19 Курьяново 9 мин. ЖК «Квартал Домашний» , 2 квартал 2026 Строим кварталы для жизни с заботой о будущем. Предлагается 1-комнатная квартира комфорт-класса площадью 37.53 кв.м в корпусе 1 (3 очередь) на 17-м этаже, в жилом комплексе "Квартал Домашний". Застройщик сдает квартиры с отделкой в нескольких 22 977 560 ₽ от 96 296 ₽ в месяц Показать телефон Позвоните мне 20 мая 2026',612734.93,0.0,0.0,0.895
yandex,Москва,22000000,76.7,3,4,17,Первомайская,10,https://realty.yandex.ru/offer/445980580603324531/,'+ 12 76,7 м² · 3-комнатная квартира · 4 этаж из 17 Первомайская 11 мин. Измайловский бульвар , 18 Код объекта: 295982. Предлагается квартира на Измайловском бульваре в шаговой доступности от м. Первомайская, 1 взрослый собственник, комнаты изолированные 18,4-16,5-9,8, высота потолка 2,73, просторный холл, большой балкон, раздельный санузел, 22 000 000 ₽ 286 832 ₽ за м² Показать телефон Написать вчера',286831.81,0.0,0.0,0.235
yandex,Москва,76238792,116.6,5,34,48,Хорошёво,9,https://realty.yandex.ru/offer/645672588592223450/,'+ 19 116,6 м² · 5-комнатная квартира · 34 этаж из 48 Хорошёво 18 мин. ЖК Левел Звенигородская , 1 квартал 2028 Цена указана с учётом скидки при 100%-й оплате, несубсидированной ипотеке, рассрочке (кроме программы "Рассрочка 0%"). В жилом квартале продаётся многокомнатная квартира площадью 116.60 кв.м с предчистовой отделкой. Квартира расположена на 34 этаже 76 238 792 ₽ от 287 675 ₽ в месяц Показать телефон Позвоните мне вчера',653848.99,0.0,0.0,0.708
yandex,Москва,13800000,38.3,2,11,14,Сходненская,10,https://realty.yandex.ru/offer/9137391779077210781/,'+ 10 38,3 м² · 2-комнатная квартира · 11 этаж из 14 Сходненская 11 мин. Походный проезд , 9к2 Арт. 134991968 Ищете светлую и функциональную квартиру в одном из самых зеленых районов Москвы? Представляем вашему вниманию уютную 2-комнатную квартиру площадью 38,3 м по адресу: Проезд Походный, дом 9, корпус 2, квартира 140. Идеальный вариант для 13 800 000 ₽ 360 313 ₽ за м² Показать телефон Написать вчера',360313.32,0.0,0.0,0.786
yandex,Москва,19266925,58.3,2,40,43,Щёлковская,10,https://realty.yandex.ru/offer/4017216401934011463/,'+ 7 58,3 м² · 2-комнатная квартира · 40 этаж из 43 Щёлковская 20 мин. 2-й Иртышский , 3 квартал 2028 В районе Гольяново продаётся 2-комнатная квартира квартира площадью 58.3 кв. м на 40 этаже 43 этажного дома (корпус, секция) в проекте ПИК «2-й Иртышский». Удобное расположение 25 минут пешком до станции метро «Черкизовская» 14 минут на автомобиле до 19 862 810 ₽ –3% 19 266 925 ₽ от 83 242 ₽ в месяц Показать телефон Позвоните мне вчера',330478.99,0.0,0.0,0.93
yandex,Москва,59000000,130.0,3,22,25,Матвеевская,12,https://realty.yandex.ru/offer/8106842317239545600/,'+ 23 130 м² · 3-комнатная квартира · 22 этаж из 25 Матвеевская 13 мин. Нежинская улица , 8к1 Квартира в ЖК Нежинский ковчег: готовое решение для семьи в удобном районе Москвы! Вашему вниманию предлагается 3х-комнатная квартира (123м) в монолитном доме 2005 г.п., ЖК бизнес-класса. Полная готовность к проживанию: в стоимость входит мебель 59 000 000 ₽ 453 846 ₽ за м² Показать телефон вчера',453846.15,0.0,0.0,0.88
yandex,Москва,108768000,123.6,3,29,29,Аминьевская,12,https://realty.yandex.ru/offer/6032199486759451868/,'+ 4 123,6 м² · 3-комнатная квартира · 29 этаж из 29 Аминьевская 4 мин. ЖК СТОРИС на Мосфильмовской (Stories на Мосфильмовской) , 2 квартал 2026 Пентхаус с панорамными видами в Сторис на Мосфильмовской! Просторный пентхаус с тремя спальнями на 123,6 м на 29 этаже . Пентхаус отличается элегантной и продуманной планировкой: спальные зоны и гардеробные гармонично объединены в уединенный 108 768 000 ₽ от 521 043 ₽ в месяц Показать телефон Позвоните мне 30 марта 2026',880000.0,0.0,1.0,1.0
yandex,Москва,108818696,109.8,3,7,15,Студенческая,10,https://realty.yandex.ru/offer/4035986349852667294/,'+ 1 109,8 м² · 3-комнатная квартира · 7 этаж из 15 Студенческая 10 мин. Дом на Студенческой, 20 , 4 квартал 2008 Номер объекта: 543450. lD: 543450 Просторная 3-комнатная квартира площадью 109.8 кв.м. в клубном жилом комплексе «Студенческая 20». Квартира без отделки с возможностью спланировать: просторную гостиную, кухню-столовую, мастер-спальню с собственной 108 818 696 ₽ 991 063 ₽ за м² хорошая цена Показать телефон Написать вчера',991062.81,0.0,0.0,0.467
yandex,Москва,33128723,73.4,3,1,24,Спартак,10,https://realty.yandex.ru/offer/4017216401016984033/,'3D-тур + 7 73,4 м² · 3-комнатная квартира · 1 этаж из 24 Спартак 7 мин. Холланд парк , 2 квартал 2026 В районе Покровское-Стрешнево продаётся 3-комнатная квартира квартира площадью 73.4 на 1 этаже 24 этажного дома (корпус 8, секция 2) в проекте ПИК Холланд парк. Удобное расположение 5 минут пешком до станции метро «Спартак». 12 минут на автомобиле до 34 872 340 ₽ –5% 33 128 723 ₽ от 146 145 ₽ в месяц Показать телефон Позвоните мне вчера',451345.0,1.0,0.0,0.042
yandex,Москва,26900000,35.0,2,8,8,Белорусская,10,https://realty.yandex.ru/offer/4221846834185297664/,'+ 16 35 м² · 2-комнатная квартира · 8 этаж из 8 Белорусская 8 мин. Грузинский переулок , 14 До 25. 04. 2026 квартиру можно выкупить за 28 500 000 Просмотр по записи Квартира напротив офиса Т-банка, рядом с центром деловой активности Белой площади. До Кремля пешком 30 минут. Одновременно - окна выходят в тихий переулок, где нет трафика Лариса 26 900 000 ₽ 768 571 ₽ за м² хорошая цена Показать телефон Написать в чат вчера',768571.43,0.0,1.0,1.0
yandex,Москва,20976000,60.8,2,12,35,Ростокино,10,https://realty.yandex.ru/offer/6172858407777328985/,'+ 14 60,8 м² · 2-комнатные апартаменты · 12 этаж из 35 Ростокино 1 мин. МИРАПОЛИС , 4 квартал 2027 Продаются 2-к апартаменты площадью 60.8 кв.м. на 12-м этаже 33 этажного дома «Мираполис» от ГК ОСНОВА. МИРАПОЛИС  проект для тех, кому важно, чтобы рядом было всё для работы, отдыха и жизни. Проект состоит из четырех башен с авторскими стеклянными ГК Основа 20 976 000 ₽ от 87 907 ₽ в месяц Показать телефон Позвоните мне вчера',345000.0,0.0,0.0,0.343
yandex,Москва,125000000,160.0,5,6,6,Тургеневская,10,https://realty.yandex.ru/offer/7412512198693509192/,'+ 26 160 м² · 5-комнатная квартира · 6 этаж из 6 Тургеневская 8 мин. улица Чаплыгина , 1Ас1 Продаётся светлая 5-ти комнатная квартира, в знаменитом фасадном доходном доме купцов Первой гильдии Грибовых. Дом с эркерами, построен в начале ХХ века немецким архитектором Гельрихом и богато украшен декором. В нём всегда проживали очень известные 125 000 000 ₽ 781 250 ₽ за м² Показать телефон вчера',781250.0,0.0,1.0,1.0
yandex,Москва,21500000,74.0,3,4,5,Преображенская площадь,10,https://realty.yandex.ru/offer/6443937915481156988/,'+ 15 74 м² · 3-комнатная квартира · 4 этаж из 5 Преображенская площадь 17 мин. Алымов переулок , 17к1 Код объекта: 2095028. 3-комнатная квартира 74 м в кирпичном доме  уют, простор и идеальная локация Большие комнаты  свобода для жизни, работы и отдыха. Тёплый кирпичный дом с окнами во двор  тишина и уют в любое время года. Вся инфраструктура под 21 500 000 ₽ 290 541 ₽ за м² хорошая цена Показать телефон вчера',290540.54,0.0,0.0,0.8
yandex,Москва,35853570,80.2,3,44,52,Свиблово,10,https://realty.yandex.ru/offer/3254059310794047310/,'+ 23 80,2 м² · 3-комнатная квартира · 44 этаж из 52 Свиблово 9 мин. ЖК AFI Tower , 3 квартал 2024 3-комнатная квартира площадью 80,2 кв.м., расположенная на 44 этаже 53-этажного небоскреба бизнес-класса это именно то, что вы ищете! AFI Tower  это не просто жилой комплекс. Это место, где каждая деталь заботливо продумана, чтобы сделать вашу жизнь 44 816 964 ₽ –20% 35 853 570 ₽ от 160 978 ₽ в месяц Показать телефон Позвоните мне вчера',447052.0,0.0,0.0,0.846
yandex,Москва,33938000,71.0,3,18,31,Шоссе Энтузиастов,10,https://realty.yandex.ru/offer/5462324271699490364/,'3D-тур + 4 71 м² · 3-комнатная квартира · 18 этаж из 31 Шоссе Энтузиастов 15 мин. Плеханова 11 , 3 квартал 2026 Продаётся 3-комн.квартира площадью 71.00 кв.м на 18 этаже 31 этажного дома (Корпус 1.5, секция 5) проекта ПИК Плеханова 11 . Светлый просторный подъезд на уровне земли, функциональная планировка, большие окна, с отделкой. «Плеханова 11»  квартал 33 938 000 ₽ от 142 229 ₽ в месяц Показать телефон Позвоните мне 19 мая 2026',478000.0,0.0,0.0,0.581
yandex,Москва,16000000,62.6,3,4,12,Зябликово,10,https://realty.yandex.ru/offer/5676062767696614426/,'+ 24 62,6 м² · 3-комнатная квартира · 4 этаж из 12 Зябликово 12 мин. Ясеневая улица , 35 Арт. 93378935. КВАРТИРА ДЛЯ БОЛЬШОЙ СЕМЬИ! Полная стоимость в договоре! Вашему вниманию квартира в прекрасном месте, где все рядом - отличная инфраструктура! Очень теплый крупнопанельный дом! Информация о квартире: требует ремонта!  Трехкомнатная. 16 000 000 ₽ 255 591 ₽ за м² хорошая цена Показать телефон Написать вчера',255591.05,0.0,0.0,0.333
yandex,Москва,25303302,60.6,3,24,32,Грачёвская,10,https://realty.yandex.ru/offer/5228485963063283903/,'+ 26 60,6 м² · 3-комнатная квартира · 24 этаж из 32 Грачёвская 12 мин. ЖК «Тринити» , 3 квартал 2027 Продается 3-к квартира на 24-м этаже 32-этажного нового дома в корпусе 1 в ЖК «Тринити». 28 833 996 ₽ –12% 25 303 302 ₽ от 138 127 ₽ в месяц Показать телефон Позвоните мне 30 апреля 2026',417546.24,0.0,0.0,0.75
yandex,Москва,16000000,48.0,2,6,9,Мещерская,10,https://realty.yandex.ru/offer/5180127926973701475/,'+ 14 48 м² · 2-комнатная квартира · 6 этаж из 9 Мещерская 4 мин. Домостроительная улица , 3 Id 61695. Просторная двухкомнатная квартира с ремонтом у метро в Южном округе Представляем к продаже светлую и уютную двухкомнатную квартиру в кирпично-панельном доме на Домостроительной улице. Это предложение для тех, кто ценит выгодное 16 000 000 ₽ 333 333 ₽ за м² Показать телефон вчера',333333.33,0.0,0.0,0.667
yandex,Москва,30090460,67.4,2,4,30,Угрешская,10,https://realty.yandex.ru/offer/2947536692163245681/,'+ 13 67,4 м² · 2-комнатная квартира · 4 этаж из 30 Угрешская 6 мин. ЖК «Метрополия» , 4 квартал 2022 Продаётся 2-комнатная квартира общей площадью 67.40 м, на 4 этаже. Корпус сдан. 1 очередь застройки состоит из 7 сданных корпусов по 30 этажей. Метрополия - это город городов. Коллекция лучших решений из самых прогрессивных мегаполисов планеты. Для 30 090 460 ₽ от 126 105 ₽ в месяц хорошая цена Показать телефон Позвоните мне 20 мая 2026',446445.99,0.0,0.0,0.133
yandex,Москва,41500000,85.0,3,5,8,Петровский парк,10,https://realty.yandex.ru/offer/7035113340557149365/,'+ 10 85 м² · 3-комнатная квартира · 5 этаж из 8 Петровский парк 16 мин. Петровско-Разумовский проезд , 16 Номер лота: 100869. Дизайнерская 3-комнатная квартира в фасадной сталинке у Петровского парка. Квартира с готовым дизайнерским ремонтом в стиле Ralph Lauren от одного из ведущих московских дизайнеров. Вся мебель и премиальная техника остаются, это 41 500 000 ₽ 488 235 ₽ за м² Показать телефон вчера',488235.29,0.0,0.0,0.625
yandex,Москва,47281352,82.3,3,5,30,Кунцевская,10,https://realty.yandex.ru/offer/5462324271588459556/,'+ 6 82,3 м² · 3-комнатная квартира · 5 этаж из 30 Кунцевская 11 мин. Кутузовский квартал , 2 квартал 2026 Продаётся 3-комн.квартира площадью 82.30 кв.м на 5 этаже 30 этажного дома (Корпус 3, секция 2) проекта ПИК Кутузовский квартал. Светлый просторный подъезд на уровне земли, функциональная планировка, большие окна, с отделкой. «Кутузовский квартал» 47 281 352 ₽ от 198 149 ₽ в месяц Показать телефон Позвоните мне 13 мая 2026',574500.02,0.0,0.0,0.167
yandex,Москва,11850000,39.9,1,21,25,Некрасовка,10,https://realty.yandex.ru/offer/5782899288176591129/,'+ 3 39,9 м² · 1-комнатная квартира · 21 этаж из 25 Некрасовка 18 мин. улица Липчанского , 10 Дом сдан! Идет заселение! Московская прописка. Шаговая доступность от метро Некрасовка. Благоустроенный, современный район с большим количеством магазинов, кафе, детских и спортивных площадок. Новые действующие школа, детские сады, поликлиника. Возле 11 850 000 ₽ 296 992 ₽ за м² онлайн показ Показать телефон вчера',296992.48,0.0,0.0,0.84
yandex,Москва,36228872,87.7,3,4,12,Водный стадион,11,https://realty.yandex.ru/offer/4017216401162867705/,'3D-тур + 5 87,7 м² · 3-комнатная квартира · 4 этаж из 12 Водный стадион 5 мин. Кронштадтский 9 , 4 квартал 2027 В Головинском районе продаётся 3-комнатная квартира квартира площадью 87.7 на 4 этаже 12 этажного дома (корпус 1.1.2, секция 2) в проекте ПИК «Кронштадтский 9». Удобное расположение 3 минуты пешком до станции метро «Водный стадион». 2 минуты на 36 228 872 ₽ от 151 830 ₽ в месяц Показать телефон Позвоните мне 19 мая 2026',413100.02,0.0,0.0,0.333
yandex,Москва,29314880,56.0,2,4,32,Багратионовская,10,https://realty.yandex.ru/offer/4017216401932192227/,'3D-тур + 9 56 м² · 2-комнатная квартира · 4 этаж из 32 Багратионовская 13 мин. Барклая 6 , 1 квартал 2026 Продаётся 2-комн.квартира площадью 56.00 кв.м на 4 этаже 32 этажного дома (Корпус 6, секция 1) проекта ПИК Барклая 6. Светлый просторный подъезд на уровне земли, функциональная планировка, большие окна, с отделкой. Жилой квартал «Барклая 6» 31 864 000 ₽ –8% 29 314 880 ₽ от 133 538 ₽ в месяц Показать телефон Позвоните мне вчера',523480.0,0.0,0.0,0.125
yandex,Москва,299000000,319.0,7,6,6,Сухаревская,10,https://realty.yandex.ru/offer/3937530341866491896/,'+ 13 319 м² · 7-комнатная квартира · 6 этаж из 6 Сухаревская 5 мин. Большой Сухаревский переулок , 24 Эксклюзив Whitewill. Двухуровневый пентхаус общей площадью 319 м (плюс терраса 26,4м и балкон 7м ) в клубном доме премиум-класса «Дом Удачи» на 6-м этаже. Атмосфера загородного дома: второй свет в гостиной, камин, терраса. Выполнена авторская отделка 299 000 000 ₽ 937 304 ₽ за м² Показать телефон Написать вчера',937304.08,0.0,1.0,1.0
yandex,Москва,89000000,150.0,4,4,9,Боровицкая,10,https://realty.yandex.ru/offer/4035986349848974047/,'+ 18 150 м² · 4-комнатная квартира · 4 этаж из 9 Боровицкая 4 мин. улица Знаменка , 13с1 Номер объекта: 583390. ID: 583390 Просторная 4-комнатная квартира площадью 150 кв.м. в историческом особняке, расположенном в непосредственной близости от Кремля. В 1912 году здесь находились дворянские усадьбы С.Н. Голицына, затем Михалковых, а в 89 000 000 ₽ 593 333 ₽ за м² хорошая цена Показать телефон Написать вчера',593333.33,0.0,0.0,0.444
yandex,Москва,11444992,30.2,1,9,16,Коммунарка,10,https://realty.yandex.ru/offer/7063903531190949120/,'+ 14 30,2 м² · 1-комнатная квартира · 9 этаж из 16 Коммунарка 16 мин. ЖК «Ольховый Квартал» , 4 квартал 2026 Строим кварталы для жизни с заботой о будущем. Предлагается 1-комнатная квартира комфорт-класса площадью 30.2 кв.м в корпусе 1 на 9-м этаже, в жилом комплексе "Ольховый Квартал". Застройщик сдает квартиры с отделкой и без нее. Последний подойдет тем, 11 444 992 ₽ от 47 964 ₽ в месяц Показать телефон Позвоните мне 20 мая 2026',378973.25,0.0,0.0,0.562
yandex,Москва,67263800,58.9,1,9,20,Аэропорт,7,https://realty.yandex.ru/offer/1195724615585580807/,'+ 19 58,9 м² · 1-комнатная квартира · 9 этаж из 20 Аэропорт 10 мин. Авторская коллекция резиденций «МУЗА» , 1 квартал 2029 Продается 1-комнатная квартира без отделки, в корпусе 2 общей площадью 58,90 кв.м. на 9 этаже. Всего в МУЗЕ 309 лотов площадью от 37 до 250 м, большинство  с балконами и террасами. Высота потолков  от 3,5 до 4,65 м. Эксклюзивные форматы:  Пентхаусы Мангазея 67 263 800 ₽ от 241 636 ₽ в месяц Показать телефон Позвоните мне вчера',1142000.0,0.0,0.0,0.45
yandex,Москва,26500000,58.4,2,6,24,Алексеевская,8,https://realty.yandex.ru/offer/5227772918666484329/,'3D-тур + 19 58,4 м² · 2-комнатная квартира · 6 этаж из 24 Алексеевская 13 мин. ЖК iLove Отличное предложение для ценителей парков и прогулок на свежем воздухе и рядом с метро. Вашему вниманию пpeдлагается уникальная просторная угловая 2к квартира общей площадью 58,4 кв.м в пешей доступности от станции "Алексеевская" 10 минут Документы: 26 500 000 ₽ 453 767 ₽ за м² Показать телефон Написать вчера',453767.12,0.0,0.0,0.25
yandex,Москва,52900000,90.0,3,13,14,Таганская,10,https://realty.yandex.ru/offer/3938452234512239966/,'+ 9 90 м² · 3-комнатная квартира · 13 этаж из 14 Таганская 4 мин. улица Малые Каменщики , 4 Id 387813. Продается просторная трехкомнатная квартира с дизайнерским ремонтом в историческом центре Москвы! Представляю к продаже исключительную трехкомнатную квартиру в кирпичном доме на тихой улице Малые Каменщики. Это не просто жилье, а полностью 52 900 000 ₽ 587 778 ₽ за м² Показать телефон вчера',587777.78,0.0,0.0,0.929
yandex,Москва,19700000,45.0,2,3,8,Пролетарская,10,https://realty.yandex.ru/offer/3938452234512214912/,'+ 20 45 м² · 2-комнатная квартира · 3 этаж из 8 Пролетарская 10 мин. Дербеневская набережная , 11А Id 388339. Квартира на набережной! Ухоженная двухкомнатная квартира в тихом историческом районе Москвы. Отличная локация, предложения в этом районе встречаются не часто. Район застраивается новыми ЖК, Дербеневская набережная стремительно 19 700 000 ₽ 437 778 ₽ за м² хорошая цена Показать телефон вчера',437777.78,0.0,0.0,0.375
yandex,Москва,31990000,40.0,2,4,16,Смоленская,2,https://realty.yandex.ru/offer/6443938080584509778/,'+ 15 40 м² · 2-комнатная квартира · 4 этаж из 16 Смоленская 10 мин. Малый Власьевский переулок , 6 Код объекта: 2108950. Уникальное предложение для ценителей Старой Москвы, где каждое название- Хамовники, Бульварное и Садовое кольцо, Арбат, знакомы, наверно, всем жителям России. Где каждое здание, улица, переулок дышат историей, где, практически, 31 990 000 ₽ 799 750 ₽ за м² Показать телефон вчера',799750.0,0.0,0.0,0.25
yandex,Москва,67000000,127.0,4,6,7,Маяковская,10,https://realty.yandex.ru/offer/445980580603325493/,'+ 26 127 м² · 4-комнатная квартира · 6 этаж из 7 Маяковская 1 мин. Тверская улица , 27с2 Код объекта: 1154054. Пpедлагается на пpодaжу кваpтира 127 м в царском дoмe, двух уровневая, c отдeльным вxoдом на каждoм этaжe, в истopичeскoм цeнтpе Mocквы, в Tвeрcкoм paйoнe ЦAО, с дeйcтвующим камином, котopый подаpит нeзабывaемые вечeра. 67 000 000 ₽ 527 559 ₽ за м² онлайн показ Показать телефон Написать вчера',527559.06,0.0,0.0,0.857
yandex,Москва,21500000,52.6,2,12,12,Динамо,10,https://realty.yandex.ru/offer/5080059205004708466/,'3D-тур + 18 52,6 м² · 2-комнатные апартаменты · 12 этаж из 12 Динамо 3 мин. Ленинградский проспект , 33А Код объекта: 1139039. ЭКСКЛЮЗИВНОЕ ПРЕДЛОЖЕНИЕ. Атмосферный Пентхаус (надстроенный этаж) площадью 52,6 м2. Вид на Петровский парк и «ВТБ Арену». Инвестиционное предложение как для собственного использования, так и в качестве сдачи в аренду. 21 500 000 ₽ 408 745 ₽ за м² хорошая цена Показать телефон Написать вчера',408745.25,0.0,1.0,1.0
yandex,Москва,14990000,41.7,2,6,38,Перерва,10,https://realty.yandex.ru/offer/7053956937287630588/,'+ 7 41,7 м² · 2-комнатная квартира · 6 этаж из 38 Перерва 16 мин. ЖК «Страна.Заречная» , 1 квартал 2028 Арт. 129858748 Продается просторная квартира формата евро-2 в строящемся жилом комплексе комфорт-класса Страна.Заречная по привлекательной цене. Объект находится на 6 этаже нового монолитного дома. Сдача дома запланирована на 1 квартал 2028 года, что 14 990 000 ₽ 359 472 ₽ за м² Показать телефон Написать вчера',359472.42,0.0,0.0,0.158
yandex,Москва,11950000,34.0,1,20,25,Новомосковская,10,https://realty.yandex.ru/offer/2538278522575463781/,'+ 19 34 м² · 1-комнатная квартира · 20 этаж из 25 Новомосковская 12 мин. ЖК «Garden Park Эдальго» , 3 квартал 2014 id:338. Предлагаем вашему вниманию уютную квартиру-студию в ЖК "Garden Park Эдальго", живописном районе Москвы, окружении парков и пешей доступности от метро. Жилой квартал с собственной инфраструктурой, концепция "двор без машин", с современными 11 950 000 ₽ 351 471 ₽ за м² хорошая цена Показать телефон вчера',351470.59,0.0,0.0,0.8
yandex,Москва,23150000,45.3,1,20,24,Трикотажная,10,https://realty.yandex.ru/offer/2378280298499346506/,'+ 26 45,3 м² · 1-комнатные апартаменты · 20 этаж из 24 Трикотажная 20 мин. Апарт-комплекс «Левел Стрешнево» , 3 квартал 2024 Номер в базе: 12645979. Продается стильная просторная Евродвушка (спальня + просторная гостиная кухня) в современном жилом комплексе бизнес-класса LEVEL-Стрешнево. Из всех комнат открывается прекрасный вид на слияние рек Москва и Сходня. Квартира 23 150 000 ₽ 511 038 ₽ за м² Показать телефон вчера',511037.53,0.0,0.0,0.833
yandex,Москва,106000000,125.0,3,10,16,Смоленская,2,https://realty.yandex.ru/offer/3937530341846204316/,'+ 7 125 м² · 3-комнатная квартира · 10 этаж из 16 Смоленская 9 мин. ЖК «Смоленская Застава» , 4 квартал 2007 Просторная угловая квартира с двумя спальнями площадью 125 м в комплексе «Смоленская Застава» на десятом этаже. Выполнена современная дизайнерская отделка с использованием премиальных материалов. Квартира укомплектована мебелью и бытовой техникой. 106 000 000 ₽ 848 000 ₽ за м² хорошая цена Показать телефон Написать вчера',848000.0,0.0,0.0,0.625
yandex,Москва,27000000,38.5,1,11,21,Хорошёво,9,https://realty.yandex.ru/offer/7053956914239410307/,'+ 10 38,5 м² · 1-комнатная квартира · 11 этаж из 21 Хорошёво 10 мин. ЖК «Big Time» Арт. 134775312 Квартира с характером и правильной атмосферой  редкое предложение в ЖК бизнес-класса «Городской квартал Big Time». Продается светлая и грамотно спланированная 1-комнатная квартира площадью 38,5 м на комфортном 11 этаже. Пространство 27 000 000 ₽ 701 299 ₽ за м² Показать телефон Написать вчера',701298.7,0.0,0.0,0.524
yandex,Москва,42000000,90.0,3,6,8,,10,https://realty.yandex.ru/offer/1330587735433123952/,'+ 16 90 м² · 3-комнатная квартира · 6 этаж из 8 Улица 1905 года 7 мин. улица Пресненский Вал , 3 1167242 Продается отличная трехкомнатная квартира в кирпичном доме в Пресненском районе. Дом после капитального ремонта. Квартира в отличном состоянии, полностью меблирована и укомплектована техникой: кондиционеры, посудомоечная и стиральная машины, 42 000 000 ₽ 466 667 ₽ за м² Показать телефон вчера',466666.67,0.0,0.0,0.75
yandex,Москва,125000000,130.0,5,2,7,Киевская,10,https://realty.yandex.ru/offer/7063955552987490003/,'+ 22 130 м² · 5-комнатная квартира · 2 этаж из 7 Киевская 18 мин. Саввинская набережная , 19с1А Лот 59571. Эксклюзивно для покупателя, ищущего не просто метры, а стиль жизни! Ваша Москва. Ваша набережная. Мечтаете о доме, где из окон открывается душа Москвы? Где вечером вы наслаждаетесь не телевизором, а огнями города, отражающимися в глади 125 000 000 ₽ 961 538 ₽ за м² Показать телефон вчера',961538.46,0.0,0.0,0.286
yandex,Москва,58455752,80.9,2,4,14,Крылатское,13,https://realty.yandex.ru/offer/7040924941834441793/,'3D-тур + 16 80,9 м² · 2-комнатная квартира · 4 этаж из 14 Крылатское 11 мин. Клубный квартал «Крылатская 33» , 2 квартал 2027 Продается 2-к квартира площадью 80.9 кв.м. на 4-м этаже в ЖК «Клубный квартал Крылатская 33». Прямая продажа от застройщика! Крылатская 33 - проект премиум-класса на западе Москвы от специализированного застройщика «Сияние». Комплекс расположен всего СЗ СИЯНИЕ 58 455 752 ₽ от 209 994 ₽ в месяц Показать телефон Позвоните мне 3 мая 2026',722568.01,0.0,0.0,0.286
yandex,Москва,189291616,135.8,4,14,18,Площадь Гагарина,10,https://realty.yandex.ru/offer/3661213687795105496/,'3D-тур + 9 135,8 м² · 4-комнатная квартира · 14 этаж из 18 Площадь Гагарина 7 мин. Жилой квартал SHIFT , 1 квартал 2028 4-к квартира в премиальном комплексе SHIFT на 14-м этаже в 18 этажном здании. Общая площадь 135.8 кв. м. SHIFT - новый премиальный проект от девелопера PIONEER в Донском районе, в 300 м от Нескучного сада. Главная особенность проекта - 5 башен, в Застройщик ГК «Пионер» 189 291 616 ₽ от 714 173 ₽ в месяц Показать телефон Позвоните мне 21 февраля 2025',1393899.97,0.0,0.0,0.778
yandex,Москва,18931066,44.6,1,5,13,Электрозаводская,10,https://realty.yandex.ru/offer/6381183014906028585/,'+ 12 44,6 м² · 1-комнатные апартаменты · 5 этаж из 13 Электрозаводская 13 мин. ЖК «Резиденции Архитекторов» , 1 квартал 2024 СКИДКИ ДО 16%! Продаются просторные 1-комнатные апартаменты общей площадью 44,6 м на 5 этаже в сданном жилом квартале "Резиденции Архитекторов" вблизи с метро Электрозаводская и БКЛ Электрозаводская. Жилой квартал "Резиденции архитекторов" - удобный 20 803 368 ₽ –9% 18 931 066 ₽ от 87 184 ₽ в месяц хорошая цена Показать телефон 1 мая 2026',424463.36,0.0,0.0,0.385
yandex,Москва,23404486,40.8,1,14,23,Хорошёво,9,https://realty.yandex.ru/offer/1621424732761071244/,'+ 26 40,8 м² · 1-комнатные апартаменты · 14 этаж из 23 Хорошёво 10 мин. Квартал «Зорге 9» , 3 квартал 2024 Рассрочка с ПВ 10 %: взнос  2,8 млн., платеж 138 964  /мес.  выгоднее аренды в этом же доме! Готовый апартамент на Ходынке. 4 станции метро, 5 минут до «Москва-Сити», напротив «Березовая роща». Свой парк 2 га, беллмен и консьерж 24/7, роскошные 23 404 486 ₽ от 98 085 ₽ в месяц Показать телефон вчера',573639.36,0.0,0.0,0.609
yandex,Москва,37000000,71.8,3,6,11,Шелепиха,6,https://realty.yandex.ru/offer/5226080894684748122/,'+ 10 71,8 м² · 3-комнатная квартира · 6 этаж из 11 Шелепиха 18 мин. ЖК «мой адрес На Береговом» , 3 квартал 2020 Продается полноценная 3х комнатная квартира с функциональной планировкой. Квартира общей площадью 71.8 кв. метра, 3 отдельные комнаты-это просторная спальня, вторая детская спальня/кабинет, третья комната с застекленной лоджией, кухня 12 м2, 37 000 000 ₽ 515 320 ₽ за м² онлайн показ Показать телефон Написать вчера',515320.33,0.0,0.0,0.545
yandex,Москва,85393000,110.9,2,49,61,Москва-Сити,10,https://realty.yandex.ru/offer/8304227745511242243/,'+ 17 110,9 м² · 2-комнатные апартаменты · 49 этаж из 61 Москва-Сити 4 мин. МФК NEVA TOWERS , 4 квартал 2020 0% рассрочка от застройщика на 24 месяца. Предлагается апартамент с отделкой White Box в сданном и заселённом комплексе. Площадь  110.9 м, 49 этаж, вид на башни Сити. Neva Towers  единственный жилой комплекс в Москва-Сити с собственным парком на 85 393 000 ₽ от 358 382 ₽ в месяц хорошая цена Показать телефон 30 декабря 2025',770000.0,0.0,0.0,0.803
yandex,Москва,15500000,80.0,3,16,17,Некрасовка,10,https://realty.yandex.ru/offer/3938452234512183146/,'+ 11 80 м² · 3-комнатная квартира · 16 этаж из 17 Некрасовка 17 мин. ЖК «Люберцы 2016» , 3 квартал 2016 Id 389550. Прекрасная трехкомнатная квартира площадью 80 кв.м. вблизи метро Некрасовка. Продается просторная 3-х комнатная квартира на 16 этаже кирпичного дома (2016 г.п.). Отличный вариант для семьи: комнаты изолированные, окна выходят на две 15 500 000 ₽ 193 750 ₽ за м² Показать телефон вчера',193750.0,0.0,0.0,0.941
yandex,Москва,36609168,97.7,4,16,17,Потапово,10,https://realty.yandex.ru/offer/3221624791686428434/,'3D-тур + 25 97,7 м² · 4-комнатная квартира · 16 этаж из 17 Потапово 16 мин. Жилой район «Скандинавия» , 2 квартал 2026 Продается четырехкомнатная квартира № 1016 в новостройке Жилой район «Скандинавия» по адресу Москва, ТиНАО, Новомосковский АО, Коммунарка пос., жилой комплекс Скандинавия, 25.6, район Коммунарка, Новомосковский административный округ, Москва. Общая 36 609 168 ₽ от 153 424 ₽ в месяц Показать телефон 13 мая 2026',374710.01,0.0,0.0,0.941
yandex,Москва,29169428,54.4,2,12,15,ЗИЛ,7,https://realty.yandex.ru/offer/4624604106407211810/,'+ 16 54,4 м² · 2-комнатная квартира · 12 этаж из 15 ЗИЛ 9 мин. Квартал «Парк Легенд» , 1 квартал 2022 Предложение от застройщика! Готовая квартира с отделкой и техникой BOSCH и CANDY. Продается 2-комнатная квартира общей площадью 54.40 м на 12 этаже в готовом Квартале "Парк Легенд". Дом сдан. Район расположения жилого комплекса имеет широко развитую 29 169 428 ₽ 536 203 ₽ за м² Показать телефон 10 марта 2026',536202.72,0.0,0.0,0.8
yandex,Москва,17100000,44.3,2,9,9,Чертановская,10,https://realty.yandex.ru/offer/3394919030830654480/,'+ 7 44,3 м² · 2-комнатная квартира · 9 этаж из 9 Чертановская 4 мин. Черноморский бульвар , 7к5 Код объекта: 2087473. ВАША УЮТНАЯ ДВУХКОМНАТНАЯ КВАРТИРА В МОСКВЕ Продается уютная двухкомнатная квартира в районе Нагорный на Черноморском бульваре, дом 7, корпус 5. Это идеальный вариант для тех, кто ценит комфорт и удобное расположение в Москве. 17 100 000 ₽ 386 005 ₽ за м² хорошая цена онлайн показ Показать телефон вчера',386004.51,0.0,1.0,1.0
yandex,Москва,116380000,105.8,3,40,45,Выставочная,5,https://realty.yandex.ru/offer/5241863192678522587/,'+ 8 105,8 м² · 3-комнатная квартира · 40 этаж из 45 Выставочная 7 мин. МФК Capital Towers , 2 квартал 2023 Capital Towers  это три современных жилых небоскрёба у Москва-Сити на берегу реки. Высота каждой башни  почти 300 метров, из окон открываются панорамные виды на центр Москвы, Москва-Сити, Лужники, МГУ и парк "Красная Пресня" Уникальное предложение! 116 380 000 ₽ от 487 732 ₽ в месяц хорошая цена Показать телефон 18 мая 2026',1100000.0,0.0,0.0,0.889
yandex,Москва,125000000,149.9,3,3,13,Баррикадная,10,https://realty.yandex.ru/offer/3960449229829079070/,'+ 19 149,9 м² · 3-комнатная квартира · 3 этаж из 13 Баррикадная 11 мин. Большая Грузинская улица , 19 ID 246 503. Видовая квартира с 2-мя спальнями и действующим камином общей площадью 150 м в клубном доме «Агаларов Хаус». Светлая квартира с потолками 3 метра, большим количеством окон, эркерами и балконом расположена на 3-м этаже. Выполнена отделка 125 000 000 ₽ 833 889 ₽ за м² Показать телефон Написать вчера',833889.26,0.0,0.0,0.231
yandex,Москва,29385000,90.0,3,15,22,Саларьево,21,https://realty.yandex.ru/offer/7035219948385984400/,'3D-тур + 15 90 м² · 3-комнатная квартира · 15 этаж из 22 Саларьево 16 мин. Жилой квартал «Филатов луг» , 4 квартал 2026 Продается 3-комн. квартира площадью 90 кв.м на 15 этаже 19 этажного дома в ЖК "Филатов Луг" от федерального девелопера ГК «Вектор». Расположение Жилой квартал «Филатов Луг» расположен в тихом и экологически чистом районе Новой Москвы, в поселении 29 385 000 ₽ от 65 844 ₽ в месяц Показать телефон 13 мая 2026',326500.0,0.0,0.0,0.682
yandex,Москва,54900000,67.5,3,3,5,Спортивная,10,https://realty.yandex.ru/offer/7053956914180337512/,'+ 8 67,5 м² · 3-комнатная квартира · 3 этаж из 5 Спортивная 3 мин. Усачёва улица , 29к7 Арт. 134994053 СПЕЦИАЛЬНО для наших клиентов ставка на ипотеку от банков партнеров от 11,9 % Продаётся 3-комнатная квартира с новым ремонтом в Хамовниках, ул. Усачёва Редкое предложение в одном из самых престижных районов Москвы - Хамовники. Пешая 54 900 000 ₽ 813 333 ₽ за м² Показать телефон Написать вчера',813333.33,0.0,0.0,0.6
yandex,Москва,24134188,58.4,2,14,25,Бульвар Рокоссовского,10,https://realty.yandex.ru/offer/7567093578836757548/,'3D-тур + 8 58,4 м² · 2-комнатная квартира · 14 этаж из 25 Бульвар Рокоссовского 13 мин. ЖК «Сиреневый парк» , 2 квартал 2024 Продаётся просторная 2-комнатная квартира общей площадью 58.4 м на 14 этаже в новом жилом комплексе "Сиреневый парк", расположенном в Восточном административном округе Москвы на улице Тагильская. Всего 10 минут ходьбы от станции метро "Бульвар 26 815 764 ₽ –10% 24 134 188 ₽ от 96 211 ₽ в месяц Показать телефон вчера',413256.64,0.0,0.0,0.56
yandex,Санкт-Петербург,68256000,94.8,2,6,8,Петроградская,10,https://realty.yandex.ru/offer/3783014905913304704/,'3D-тур + 16 94,8 м² · 2-комнатная квартира · 6 этаж из 8 Петроградская 8 мин. ЖК «Северная корона» , 4 квартал 2023 Apт.2335849. Продается 2-комн. квартира от застройщика в ЖК "Северная корона" на 6 этаже. Квартира без отделки, новый владелец может сделать ремонт по индивидуальному дизайн-проекту. Общая площадь: 94.8 кв.м., жилая: 34.7 кв.м., площадь просторной Петербургская Строительная Компания 68 256 000 ₽ от 326 974 ₽ в месяц онлайн показ Показать телефон Позвоните мне вчера',720000.0,0.0,0.0,0.75
yandex,Санкт-Петербург,16450000,69.7,3,4,5,Фрунзенская,4,https://realty.yandex.ru/offer/3154273186094126148/,'+ 26 69,7 м² · 3-комнатная квартира · 4 этаж из 5 Фрунзенская 9 мин. набережная Обводного канала , 147-149Б 1-92985 Продаётся уютная 3-ех комнатная квартира, расположенная в историческом центре Петербурга на живописной набережной Обводного канала. Благоустроенный и оживленный район, рядом находятся театры, университеты,музеи, школы, детские сады, множество Итака, агентство 16 450 000 ₽ 236 011 ₽ за м² Показать телефон вчера',236011.48,0.0,0.0,0.8
yandex,Санкт-Петербург,22749904,70.6,2,3,17,Лесная,10,https://realty.yandex.ru/offer/5204769628199799124/,'+ 3 70,6 м² · 2-комнатная квартира · 3 этаж из 17 Лесная 15 мин. Квартал «Б15» , 2 квартал 2026 «Б15»  это новый квартал бизнес-класса от компании «КВС», расположенный на проспекте Маршала Блюхера в Калининском районе. Уникальная локация сочетает в себе близость к динамичному центру Петербурга и умиротворенным парковым зонам Калининского 22 749 904 ₽ от 95 342 ₽ в месяц Показать телефон Позвоните мне 19 мая 2026',322236.6,0.0,0.0,0.176
yandex,Санкт-Петербург,7263529,42.0,1,6,12,,10,https://realty.yandex.ru/offer/5228355580785011869/,'3D-тур + 8 42 м² · 1-комнатная квартира · 6 этаж из 12 город Новоселье , ЖК Тишин ЖК «ТИШИН» , 4 квартал 2027 Продаётся 1-комнатная квартира №122, общей площадью 42.01 кв.м., на 6 этаже. Дом комфорт-класса, 12 этажей, в окружении леса и малоэтажной застройки. Проект с умным домом. РАСПОЛОЖЕНИЕ И БЛАГОУСТРОЙСТВО ЖК «Тишин» расположен в поселке Новоселье в 7 263 529 ₽ от 34 795 ₽ в месяц Показать телефон Позвоните мне вчера',172941.17,0.0,0.0,0.5
yandex,Санкт-Петербург,17150144,85.7,3,6,12,Девяткино,10,https://realty.yandex.ru/offer/4189761070917609964/,'+ 48 85,7 м² · 3-комнатная квартира · 6 этаж из 12 Девяткино 20 мин. ЖК Энфилд , 4 квартал 2027 Продаётся e4 комнатная квартира (евро) в жилищном комплексе «Энфилд» (корпус Дом 18 секция 2). Общая площадь 85,62 кв. м, площадь комнат 14,94 кв.м, 14,81 кв.м, 14,07 кв.м. 2 санузла. Квартира расположена на 6 этаже 12 этажного дома. Срок сдачи 17 150 144 ₽ от 71 874 ₽ в месяц Показать телефон Позвоните мне 10 февраля 2026',200118.37,0.0,0.0,0.5
yandex,Санкт-Петербург,11609262,46.3,1,16,22,,10,https://realty.yandex.ru/offer/6582013439188193007/,'+ 11 46,3 м² · 1-комнатная квартира · 16 этаж из 22 Ивинская улица , 1к2 ЖК «Юнтолово» , 2 квартал 2026 В мае в честь Дня Рождения экорайона «Юнтолово» - дополнительная скидка 11 000 руб. с кв.м. на часть 1к. и 2к.кв.! Подробнее уточняйте у менеджера в чате или по телефону. Продаeтся 1-к квартира 46.3 кв.м. экорайона «Юнтолово» (Приморский р-н) 11 609 262 ₽ от 44 284 ₽ в месяц Показать телефон Позвоните мне вчера',250740.0,0.0,0.0,0.727
yandex,Санкт-Петербург,64298248,84.1,2,2,8,Горный институт,10,https://realty.yandex.ru/offer/3987046229857560923/,'+ 22 84,1 м² · 2-комнатная квартира · 2 этаж из 8 Горный институт 13 мин. ЖК «Империал Клаб» , 3 квартал 2026 Продается просторная 2-комнатная квартира от застройщика в жилом комплексе «Империал Клаб» в уютном Василеостровском районе. До метро можно добраться на транспорте всего за 7 минут. Окна от пола до потолка позволят безгранично любоваться видами 64 298 248 ₽ от 299 806 ₽ в месяц Показать телефон Позвоните мне 30 апреля 2026',764545.16,0.0,0.0,0.25
yandex,Санкт-Петербург,13545172,53.6,2,2,5,Проспект Ветеранов,10,https://realty.yandex.ru/offer/5204769628199710930/,'3D-тур 53,6 м² · 2-комнатная квартира · 2 этаж из 5 Проспект Ветеранов 26 мин. ЖК «ЮгТаун. Олимпийские кварталы» , 4 квартал 2027 «ЮгТаун»  это малоэтажный проект, состоящий из домов высотой всего 5 этажей. Все дворы закрыты от машин и посторонних, а территория находится под видеонаблюдением. Это обеспечит жителям олимпийских кварталов безопасность. Любимым местом для встреч и 13 545 172 ₽ от 56 766 ₽ в месяц Показать телефон Позвоните мне 19 мая 2026',252708.43,0.0,0.0,0.4
yandex,Санкт-Петербург,16440000,40.8,1,7,15,Приморская,10,https://realty.yandex.ru/offer/3112861123574901983/,'+ 20 40,8 м² · 1-комнатная квартира · 7 этаж из 15 Приморская 19 мин. Квартал «Северный ветер» , 2 квартал 2028 1-комн. квартира от застройщика с предчистовой отделкой в ЖК "Северный ветер" на 7 этаже. Общая площадь: 40.77 кв.м., жилая: 13.5 кв.м., площадь просторной кухни-столовой: 17.6 кв.м. Все окна выходят на одну сторону. В квартире один балкон и одна 16 440 000 ₽ от 58 985 ₽ в месяц Показать телефон Позвоните мне вчера',402941.18,0.0,0.0,0.467
yandex,Санкт-Петербург,35559300,60.3,2,10,10,Нарвская,10,https://realty.yandex.ru/offer/5290488265711772752/,'+ 26 60,3 м² · 2-комнатная квартира · 10 этаж из 10 Нарвская 19 мин. Клубный квартал «Остров первых» , 1 квартал 2029 Остров первых  новый премиальный квартал в центре Петербурга, на Матисовом острове. Всего в нескольких минутах находятся легендарная Новая Голландия, величественный Мариинский театр и вся культурная палитра Петербурга. Архитектура, разработанная 35 559 300 ₽ от 149 024 ₽ в месяц Показать телефон Позвоните мне 2 марта 2026',589706.47,0.0,1.0,1.0
yandex,Санкт-Петербург,34671104,57.9,2,6,8,Горный институт,10,https://realty.yandex.ru/offer/3987046229965576116/,'+ 26 57,9 м² · 2-комнатная квартира · 6 этаж из 8 Горный институт 9 мин. ЖК «Аристократ» , 2 квартал 2030 Продается уютная 2-комнатная квартира от застройщика в жилом комплексе «Аристократ» в уютном Василеостровском районе. До метро можно добраться пешком всего за 10 минут. Мастер-спальня с собственной ванной комнатой. Самое приватное пространство в 34 671 104 ₽ 598 500 ₽ за м² Показать телефон Позвоните мне 30 апреля 2026',598810.09,0.0,0.0,0.75
yandex,Санкт-Петербург,39154500,79.1,2,1,8,Крестовский остров,10,https://realty.yandex.ru/offer/4036779428382097795/,'+ 2 79,1 м² · 2-комнатная квартира · 1 этаж из 8 Крестовский остров 16 мин. ЖК Grand View , 3 квартал 2023 Продается просторная 2-комнатная квартира от застройщика в жилом комплексе «GRAND VIEW» в историческом Петроградском районе. До метро можно добраться пешком всего за 10 минут. Вид на воду станет главным украшением квартиры, создаст в ней гармоничную 39 154 500 ₽ от 182 568 ₽ в месяц хорошая цена Показать телефон Позвоните мне 5 мая 2026',495000.0,1.0,0.0,0.125
yandex,Санкт-Петербург,71151990,87.1,3,8,8,Чкаловская,10,https://realty.yandex.ru/offer/4192862887290503292/,'+ 24 87,1 м² · 3-комнатная квартира · 8 этаж из 8 Чкаловская 12 мин. ЖК NEVA RESIDENCE , 4 квартал 2024 Цена действует при 100% оплате и на определенные ипотечные программы. Подробности  в отделе продаж по телефону. Продаётся 3-комнатная квартира в ЖК «Нева Резиденс» на 8 этаже. Общая площадь составляет 87.10 кв. м. Квартира без отделки. Особенность 85 732 528 ₽ –17% 71 151 990 ₽ от 307 982 ₽ в месяц Показать телефон 20 мая 2026',816900.0,0.0,1.0,1.0
yandex,Санкт-Петербург,21414664,56.9,2,5,17,Приморская,10,https://realty.yandex.ru/offer/5061791984110308866/,'3D-тур + 9 56,9 м² · 2-комнатная квартира · 5 этаж из 17 Приморская 21 мин. ЖК «Новая Земля» , 4 квартал 2028 Продается 2-комн. квартира от застройщика с предчистовой отделкой в ЖК "Новая Земля" на 5 этаже. Общая площадь: 56.91 кв.м., жилая: 21.29 кв.м., площадь просторной кухни-столовой: 21.4 кв.м. Квартира угловая, идеально подойдет любителям тишины и 21 414 664 ₽ от 76 929 ₽ в месяц Показать телефон Позвоните мне вчера',376356.13,0.0,0.0,0.294
yandex,Санкт-Петербург,28994265,75.5,3,8,10,Ладожская,10,https://realty.yandex.ru/offer/4192864489144202021/,'+ 16 75,5 м² · 3-комнатная квартира · 8 этаж из 10 Ладожская 15 мин. ЖК «Большая Охта» , 3 квартал 2027 Цена действует при 100% оплате и на определенные ипотечные программы. Подробности  в отделе продаж по телефону. Продаётся 3-комнатная квартира в ЖК «Большая Охта» на 8 этаже. Общая площадь составляет 75.50 кв. м. Квартира с white box отделкой. Жилой 38 814 552 ₽ –25% 28 994 265 ₽ от 139 436 ₽ в месяц Показать телефон 18 мая 2026',384030.0,0.0,0.0,0.8
yandex,Санкт-Петербург,25875000,62.5,2,2,10,Удельная,10,https://realty.yandex.ru/offer/4036779428349565097/,'+ 12 62,5 м² · 2-комнатная квартира · 2 этаж из 10 Удельная 21 мин. ЖК Svetlana Park , 2 квартал 2023 Продается просторная 2-комнатная квартира от застройщика в жилом комплексе «Svetlana Park» в современном Выборгском районе. До метро можно добраться пешком всего за 15 минут. Удобная, классическая планировка, кухня 11.1 м, просторная прихожая 11.6 м. 25 875 000 ₽ от 108 438 ₽ в месяц Показать телефон Позвоните мне 30 апреля 2026',414000.0,0.0,0.0,0.2
yandex,Санкт-Петербург,25587870,84.7,3,3,12,Обводный канал,10,https://realty.yandex.ru/offer/4651605283553718252/,'3D-тур + 8 84,7 м² · 3-комнатная квартира · 3 этаж из 12 Обводный канал 23 мин. Витебский парк , 2 квартал 2028 Продаётся 3-комн.квартира площадью 84.70 кв.м на 3 этаже 12 этажного дома (Корпус 6, секция 1) проекта ПИК Витебский парк. Светлый просторный подъезд на уровне земли, функциональная планировка, большие окна, с отделкой. Жилой квартал «Витебский парк» 25 587 870 ₽ от 107 235 ₽ в месяц Показать телефон Позвоните мне вчера',302100.0,0.0,0.0,0.25
yandex,Санкт-Петербург,11697492,37.4,1,11,15,Ладожская,10,https://realty.yandex.ru/offer/4651605283524019631/,'3D-тур + 7 37,4 м² · 1-комнатные апартаменты · 11 этаж из 15 Ладожская 7 мин. Вольта , 2 квартал 2026 Продаётся 1-комн.апартамент площадью 37.42 кв.м на 11 этаже 15 этажного дома (Вольта, секция 1) проекта ПИК Вольта. Светлый просторный подъезд на уровне земли, функциональная планировка, большие окна, с отделкой. «Вольта»  готовые апартаменты, 11 697 492 ₽ от 49 023 ₽ в месяц Показать телефон Позвоните мне вчера',312767.17,0.0,0.0,0.733
yandex,Санкт-Петербург,17255844,31.4,1,12,12,Московские ворота,10,https://realty.yandex.ru/offer/5242769782462442763/,'+ 13 31,4 м² · 1-комнатные апартаменты · 12 этаж из 12 Московские ворота 13 мин. МФК «АРТ ПЛАЗА» , 4 квартал 2028 Старт продаж доходной недвижимости! Юнит 1/12/12 Евро-двушка 31.36 кв.м на 12 этаже цена 17255845 руб. «Арт Плаза»  многофункциональный комплекс 4 на первой линии Лиговского проспекта. Ввод  IV квартал 2028 года. 200 м до метро «Московские ворота», 17 255 844 ₽ от 72 317 ₽ в месяц Показать телефон Позвоните мне 18 мая 2026',549549.17,0.0,1.0,1.0
yandex,Санкт-Петербург,21082000,50.8,1,21,23,Московская,10,https://realty.yandex.ru/offer/7762041519481925588/,'+ 16 50,8 м² · 1-комнатная квартира · 21 этаж из 23 Московская 17 мин. ЖК Дефанс , 4 квартал 2024 ЖК «Дефанс Премиум». Строительство завершено. Дом получил заключение о соответствии и готовится к вводу! Это проект авторской архитектуры с уникальными форматами квартир в 10 минутах ходьбы от станции метро «Московская». Дом выполнен в виде двух 23-х 21 082 000 ₽ от 88 352 ₽ в месяц онлайн показ Показать телефон Позвоните мне вчера',415000.0,0.0,0.0,0.913
yandex,Санкт-Петербург,15881870,78.1,3,2,24,Рыбацкое,10,https://realty.yandex.ru/offer/7063900118712484731/,'+ 5 78,1 м² · 3-комнатная квартира · 2 этаж из 24 Рыбацкое 16 мин. ЖК «Живи! В Рыбацком» , 2 квартал 2028 Квартал "Живи! В Рыбацком" в Невском районе Санкт-Петербурга  это что-то на уютном. Соседи зовут друг друга в гости и любуются розовыми закатами, а дети вместе играют на цветущих аллеях во дворе. Но всего 20 минут пешком  и вы у метро "Рыбацкое", 15 881 870 ₽ от 66 559 ₽ в месяц Показать телефон 16 мая 2026',203353.01,0.0,0.0,0.083
